radio,mcc,net,area,cell,unit,lon,lat,range,samples,changeable,created,updated,averageSignal,address
LTE,222,1,10853,128188941,0,9.213409,45.519791,1000,2,1,1424024597,1434740674,0,"Viale Piero e Alberto Pirelli, 25, 20126 Milano MI, Italy"
LTE,222,1,10853,128006921,0,9.210706,45.489781,1000,2,1,1443045255,1512109289,0,"Via Soperga, 39, 20127 Milano MI, Italy"
LTE,222,1,10853,128038915,0,9.199375,45.482433,1000,2,1,1457725527,1540542561,0,"Via Leopoldo Marangoni, 8, 038981 Milano MI, Italy"
LTE,222,1,24302,128248067,0,9.161911011,45.4813385,1000,3,1,1459817125,1491313247,0,"Domodossola, 20149 Milano MI, Italy"
LTE,222,1,11268,128005123,0,9.164657593,45.46760559,1000,1,1,1436011780,1436011780,0,"Via Alberto da Giussano, 1/A, 20145 Milano MI, Italy"
LTE,222,1,11268,128012033,0,9.177017212,45.48957825,1000,1,1,1433253895,1433253895,0,"Porta Volta, Milano MI, Italy"
LTE,222,1,11268,128257030,0,9.168777466,45.48683167,1000,1,1,1434325319,1434325319,0,"Via Giacomo Soldati, 16, 20154 Milano MI, Italy"
LTE,222,1,11268,128000771,0,9.14680481,45.48683167,1000,1,1,1444721815,1444721815,0,"Via Ignazio Gardella, 10, 20149 Milano MI, Italy"
LTE,222,1,11268,128036867,0,9.155044556,45.49781799,1000,1,1,1443602845,1443602845,0,"Via Ercolano, 3, 20155 Milano MI, Italy"
LTE,222,1,11268,128006146,0,9.153671265,45.47309875,1000,1,1,1434281949,1434281949,0,"Piazzale Giulio Cesare, 9, 20145 Milano MI, Italy"
LTE,222,1,11268,128022531,0,9.161911011,45.45661926,1000,1,1,1436483992,1436483992,0,"Via Bergognone Ambrogio, 3, 20144 Milano MI, Italy"
LTE,222,1,11268,128043265,0,9.149551392,45.48271179,1000,1,1,1443495073,1443495073,0,"Milan, Fiera Milano CIty (Viale Teodorico), 20149 Milano MI, Italy"
LTE,222,1,11268,128013314,0,9.148178101,45.45387268,1000,1,1,1435497459,1435497459,0,"Via Lorenteggio, 24, 20146 Milano MI, Italy"
LTE,222,1,11268,128022530,0,9.167404175,45.45661926,1000,1,1,1436379801,1436379801,0,"Via Andrea Solari, 7, 20144 Milano MI, Italy"
LTE,222,1,11268,128014339,0,9.172897339,45.46485901,1000,1,1,1435709406,1435709406,0,"Via Aristide de Togni, 12, 20123 Milano MI, Italy"
LTE,222,1,11270,128004865,0,9.141311646,45.48408508,1000,1,1,1438316526,1438316526,0,"Via Vesio, 6, 20148 Milano MI, Italy"
LTE,222,1,11300,128046855,0,9.06578064,45.50056458,1000,1,1,1441169803,1441169803,0,"A.m.s.a., 20153 Milano MI, Italy"
LTE,222,1,11300,128036099,0,9.122085571,45.49919128,1000,1,1,1430027647,1430027647,0,"Via Privata Grosio, 10, 20151 Milano MI, Italy"
LTE,222,1,11270,128269314,0,9.168777466,45.45936584,1000,1,1,1442806764,1442806764,0,"Via Servio Tullio, 4, 20123 Milano MI, Italy"
LTE,222,1,11270,128021251,0,9.137191772,45.46485901,1000,1,1,1437016283,1437016283,0,"Piazzale Siena, 7, 20146 Milano MI, Italy"
LTE,222,1,11300,128038403,0,9.119338989,45.4813385,1000,1,1,1426001323,1426001323,0,"Via Patroclo, 15, 20151 Milano MI, Italy"
LTE,222,1,11270,128286468,0,9.144058228,45.48271179,1000,1,1,1444263126,1444263126,0,"Piazza Carlo Stuparich, 4, 20148 Milano MI, Italy"
LTE,222,1,11269,128202248,0,9.163284302,45.46760559,1000,1,1,1444650288,1444650288,0,"Via Antonio Scarpa, 11, 20145 Milano MI, Italy"
LTE,222,1,11271,128269062,0,9.157791138,45.51429749,1000,1,1,1443602845,1443602845,0,"Via Gabbro, 2, 20161 Milano MI, Italy"
LTE,222,1,11300,128007426,0,9.101486206,45.48957825,1000,1,1,1426081430,1426081430,0,"Via Fratelli Gorlini, 9, 20151 Milano MI, Italy"
LTE,222,1,11269,128202242,0,9.161911011,45.46760559,1000,1,1,1444650288,1444650288,0,"Via Giovanni Rasori, 13, 20145 Milano MI, Italy"
LTE,222,1,11271,128022531,0,9.164657593,45.45524597,1000,1,1,1441552801,1441552801,0,"Via Andrea Solari, 23, 20100 Milano MI, Italy"
LTE,222,1,11271,128039170,0,9.17427063,45.52116394,1000,1,1,1444711033,1444711033,0,"Via Iseo, 10, 20161 Milano MI, Italy"
LTE,222,1,11269,128213509,0,9.153671265,45.47721863,1000,1,1,1443798712,1443798712,0,"City Life, 20145 Milano MI, Italy"
LTE,222,1,11271,128014339,0,9.166030884,45.46897888,1000,1,1,1444650288,1444650288,0,"Via Lodovico Ariosto, 16, 20123 Milano MI, Italy"
LTE,222,1,11271,128005122,0,9.178390503,45.46760559,1000,1,1,1444107017,1444107017,0,"Via Giacomo Puccini, 33, 20121 Milano MI, Italy"
LTE,222,1,11270,128275459,0,9.137191772,45.46348572,1000,1,1,1438316526,1438316526,0,"Viale Pisa, 33, 20146 Milano MI, Italy"
LTE,222,1,11300,128038401,0,9.119338989,45.4813385,1000,1,1,1426001323,1426001323,0,"Via Patroclo, 15, 20151 Milano MI, Italy"
LTE,222,1,11269,128048897,0,9.177017212,45.49369812,1000,1,1,1444650288,1444650288,0,"Via dell'Aprica, 26, 20158 Milano MI, Italy"
LTE,222,1,11271,128035074,0,9.172897339,45.45936584,1000,1,1,1442165920,1442165920,0,"Via Ariberto, 20, 20123 Milano MI, Italy"
LTE,222,1,11300,128211202,0,9.06578064,45.50331116,1000,1,1,1433010989,1433010989,0,"A50, 20153 Milano MI, Italy"
LTE,222,1,11300,128222977,0,9.150924683,45.5115509,1000,1,1,1443602845,1443602845,0,"Via Dante Chiasserini, 68, 20157 Milano MI, Italy"
LTE,222,1,11300,128222979,0,9.135818481,45.50468445,1000,1,1,1445399691,1445399691,0,"Via Angelo Brunetti, 7, 20156 Milano MI, Italy"
LTE,222,1,11300,128207617,0,9.128952026,45.51979065,1000,1,1,1429953295,1429953295,0,"Via Val Lagarina, 27, 20157 Milano MI, Italy"
LTE,222,1,11300,128207618,0,9.126205444,45.50880432,1000,1,1,1430027538,1430027538,0,"Via Triboniano, 109, 20156 Milano MI, Italy"
LTE,222,1,11268,128213519,0,9.159164429,45.48408508,1000,1,1,1435623405,1435623405,0,"Via Arona, 2, 20149 Milano MI, Italy"
LTE,222,1,11268,128043277,0,9.148178101,45.48271179,1000,1,1,1443888237,1443888237,0,"Via Sebastiano Veniero, 3, 20148 Milano MI, Italy"
LTE,222,1,11268,128048898,0,9.168777466,45.47859192,1000,1,1,1435627923,1435627923,0,"Corso Sempione, 22, 20154 Milano MI, Italy"
LTE,222,1,11268,128269062,0,9.159164429,45.51429749,1000,1,1,1437136655,1437136655,0,"Q.re Bovisasca, 20161 Milano MI, Italy"
LTE,222,1,11268,128048897,0,9.172897339,45.49095154,1000,1,1,1436112541,1436112541,0,"Via Privata Giovanni Calvino, 21, 20154 Milano MI, Italy"
LTE,222,1,11268,128034818,0,9.152297974,45.47859192,1000,1,1,1443798712,1443798712,0,"Viale Eginardo, 3, 20149 Milano MI, Italy"
LTE,222,1,11268,128202248,0,9.161911011,45.45936584,1000,1,1,1432299853,1432299853,0,"Via Giuseppe Dezza, 48, 20144 Milano MI, Italy"
LTE,222,1,11268,128202241,0,9.157791138,45.47035217,1000,1,1,1435221270,1435221270,0,"Via Privata Duccio di Boninsegna, 10, 20145 Milano MI, Italy"
LTE,222,1,11268,128202242,0,9.159164429,45.46485901,1000,1,1,1436011590,1436011590,0,"Via Domenico Cimarosa, 13, 20144 Milano MI, Italy"
LTE,222,1,11268,128036609,0,9.156417847,45.49232483,1000,1,1,1443602845,1443602845,0,"Via Valcava, 6, 20155 Milano MI, Italy"
LTE,222,1,11268,128082178,0,9.166030884,45.46760559,1000,1,1,1436011780,1436011780,0,"Piazza della Conciliazione, 5, 20123 Milano MI, Italy"
LTE,222,1,11268,128039171,0,9.159164429,45.51292419,1000,1,1,1437120167,1437120167,0,"Via Bovisasca, 125, 20157 Milano MI, Italy"
LTE,222,1,11268,128213762,0,9.145431519,45.45249939,1000,1,1,1435497459,1435497459,0,"Via Lorenteggio, 57, 20146 Milano MI, Italy"
LTE,222,1,11271,128082179,0,9.150924683,45.47447205,1000,1,1,1443798712,1443798712,0,"Via Monte Bianco, 2, 20149 Milano MI, Italy"
LTE,222,1,11269,128213507,0,9.159164429,45.48408508,1000,1,1,1444650288,1444650288,0,"Via Arona, 2, 20149 Milano MI, Italy"
LTE,222,1,11300,128049667,0,9.117965698,45.48957825,1000,1,1,1444548240,1444548240,0,"Via Eugenio Montale, 12, 20151 Milano MI, Italy"
LTE,222,1,11271,128014338,0,9.172897339,45.46073914,1000,1,1,1444107017,1444107017,0,"Via Olona, 7, 20123 Milano MI, Italy"
LTE,222,1,11269,128020225,0,9.167404175,45.48683167,1000,1,1,1444778910,1444778910,0,"Via S. Galdino, 6, 20154 Milano MI, Italy"
LTE,222,1,11271,128022530,0,9.175643921,45.45524597,1000,1,1,1436928025,1436928025,0,"Via Galeazzo Alessi, 11, 20123 Milano MI, Italy"
LTE,222,1,11300,128009219,0,9.126205444,45.50880432,1000,1,1,1430454538,1430454538,0,"Via Triboniano, 109, 20156 Milano MI, Italy"
LTE,222,1,11271,128005123,0,9.167404175,45.46760559,1000,1,1,1444956416,1444956416,0,"Boccaccio, 20123 Milano MI, Italy"
LTE,222,1,11270,128213762,0,9.138565063,45.45799255,1000,1,1,1437667578,1437667578,0,"Via Bartolomeo D'Alviano, 51, 20146 Milano MI, Italy"
LTE,222,1,11270,128280581,0,9.137191772,45.46897888,1000,1,1,1438316526,1438316526,0,"Viale Aretusa, 13, 20148 Milano MI, Italy"
LTE,222,1,11300,128049673,0,9.101486206,45.48820496,1000,1,1,1444715642,1444715642,0,"Via Fratelli Gorlini, 7, 20151 Milano MI, Italy"
LTE,222,1,11270,128269313,0,9.164657593,45.46211243,1000,1,1,1443798712,1443798712,0,"Viale S. Michele del Carso, 25, 20144 Milano MI, Italy"
LTE,222,1,11269,128213505,0,9.161911011,45.47996521,1000,1,1,1444650288,1444650288,0,"Via Giovanni da Procida, 8, 20149 Milano MI, Italy"
LTE,222,1,11269,128048898,0,9.171524048,45.4813385,1000,1,1,1444650288,1444650288,0,"Via Paolo Sarpi, 56, 20154 Milano MI, Italy"
LTE,222,1,11271,128082178,0,9.157791138,45.46897888,1000,1,1,1443506225,1443506225,0,"Via Giotto, 26, 20145 Milano MI, Italy"
LTE,222,1,11270,128016385,0,9.155044556,45.45936584,1000,1,1,1437833225,1437833225,0,"Via Giorgio Washington, 57, 20146 Milano MI, Italy"
LTE,222,1,11270,128213763,0,9.138565063,45.45936584,1000,1,1,1438316526,1438316526,0,"Via Bartolomeo D'Alviano, 78, 20146 Milano MI, Italy"
LTE,222,1,11271,128269059,0,9.157791138,45.51429749,1000,1,1,1443602845,1443602845,0,"Via Gabbro, 2, 20161 Milano MI, Italy"
LTE,222,1,11300,128003841,0,9.141311646,45.50193787,1000,1,1,1428390836,1428390836,0,"Via Gian Maria Bicetti de' Buttinoni, 3, 20156 Milano MI, Italy"
LTE,222,1,11300,128153348,0,9.119338989,45.51567078,1000,1,1,1436408765,1436408765,0,"A4 Torino - Trieste, 20157 Milano MI, Italy"
LTE,222,1,11300,128222985,0,9.133071899,45.50605774,1000,1,1,1444228303,1444228303,0,"Via Ermenegildo Cantoni, 24, 20156 Milano MI, Italy"
LTE,222,1,11268,128007938,0,9.150924683,45.49369812,1000,1,1,1443158414,1443158414,0,"Via Antonio Pacinotti, 14, 20155 Milano MI, Italy"
LTE,222,1,11268,128000769,0,9.155044556,45.49507141,1000,1,1,1435311250,1435311250,0,"Via Grigna, 35, 20155 Milano MI, Italy"
LTE,222,1,11268,128257025,0,9.17427063,45.48683167,1000,1,1,1435221185,1435221185,0,"Via Cenisio, 1, 20154 Milano MI, Italy"
LTE,222,1,11268,128036866,0,9.164657593,45.49507141,1000,1,1,1445399691,1445399691,0,"Via Principe Eugenio, 63, 20158 Milano MI, Italy"
LTE,222,1,11268,128035074,0,9.171524048,45.45799255,1000,1,1,1436379801,1436379801,0,"Via Ausonio, 26, 20123 Milano MI, Italy"
LTE,222,1,11268,128201985,0,9.153671265,45.50331116,1000,1,1,1437136648,1437136648,0,"Via Privata Giampietrino, 20156 Milano MI, Italy"
LTE,222,1,11268,128004867,0,9.144058228,45.47309875,1000,1,1,1433779532,1433779532,0,"Viale Murillo, 26, 20149 Milano MI, Italy"
LTE,222,1,11268,128269061,0,9.153671265,45.50331116,1000,1,1,1437136648,1437136648,0,"Via Privata Giampietrino, 20156 Milano MI, Italy"
LTE,222,1,11268,128006145,0,9.16053772,45.47309875,1000,1,1,1435221251,1435221251,0,"Via Ippolito Nievo, 5, 20145 Milano MI, Italy"
LTE,222,1,11268,128036611,0,9.152297974,45.48683167,1000,1,1,1444650265,1444650265,0,"Via Colonna Marco Antonio, 30, 20149 Milano MI, Italy"
LTE,222,1,11268,128201986,0,9.161911011,45.4964447,1000,1,1,1445399691,1445399691,0,"Cavalcavia Adriano Bacula, Milano MI, Italy"
LTE,222,1,11271,128013313,0,9.153671265,45.45249939,1000,1,1,1437217955,1437217955,0,"Piazza Napoli, 7517, 20146 Milano MI, Italy"
LTE,222,1,11269,128048899,0,9.163284302,45.48271179,1000,1,1,1444650288,1444650288,0,"Via Angelo Poliziano, 1, 20154 Milano MI, Italy"
LTE,222,1,11270,128008961,0,9.153671265,45.47172546,1000,1,1,1443798712,1443798712,0,"Via Monte Rosa, 10, 20145 Milano MI, Italy"
LTE,222,1,11300,128007427,0,9.119338989,45.49369812,1000,1,1,1426081405,1426081405,0,"Via Adolfo Omodeo, 1, 20151 Milano MI, Italy"
LTE,222,1,11269,128018946,0,9.179763794,45.47447205,1000,1,1,1444650288,1444650288,0,"Viale Gadio, 2, 20121 Milano MI, Italy"
LTE,222,1,11269,128020227,0,9.161911011,45.48683167,1000,1,1,1444778910,1444778910,0,"Via Giovanni Battista Fauch√®, 37, 20154 Milano MI, Italy"
LTE,222,1,11300,128038402,0,9.123458862,45.47996521,1000,1,1,1428883367,1428883367,0,"Via Achille, 4, 20151 Milano MI, Italy"
LTE,222,1,11271,128014337,0,9.177017212,45.46485901,1000,1,1,1442069261,1442069261,0,"Via Sant'Agnese, 14, 20123 Milano MI, Italy"
LTE,222,1,11269,128257028,0,9.177017212,45.48545837,1000,1,1,1444778910,1444778910,0,"Via Luigi Nono, 29, 20154 Milano MI, Italy"
LTE,222,1,11269,128257025,0,9.175643921,45.48545837,1000,1,1,1444778910,1444778910,0,"Via Luigi Nono, 1, 20154 Milano MI, Italy"
LTE,222,1,11300,128009218,0,9.135818481,45.50880432,1000,1,1,1430454538,1430454538,0,"Certosa S, 20157 Milano MI, Italy"
LTE,222,1,11270,128202242,0,9.161911011,45.46897888,1000,1,1,1442384494,1442384494,0,"Via Mario Pagano, 50, 20145 Milano MI, Italy"
LTE,222,1,11270,128202241,0,9.157791138,45.46897888,1000,1,1,1442384494,1442384494,0,"Via Giotto, 26, 20145 Milano MI, Italy"
LTE,222,1,11300,128163585,0,9.123458862,45.50468445,1000,1,1,1430454534,1430454534,0,"Via Sapri, 6, 20156 Milano MI, Italy"
LTE,222,1,11300,128220163,0,9.10697937,45.51979065,1000,1,1,1444716122,1444716122,0,"Cardo, 20157 Milano MI, Italy"
LTE,222,1,11300,128049927,0,9.109725952,45.49232483,1000,1,1,1426081430,1426081430,0,"Via Ugo Betti, 55, 20151 Milano MI, Italy"
LTE,222,1,11300,128153349,0,9.109725952,45.51292419,1000,1,1,1436364991,1436364991,0,"Via Triboniano, 220, 20157 Milano MI, Italy"
LTE,222,1,11268,128005122,0,9.179763794,45.46760559,1000,1,1,1435627923,1435627923,0,"Foro Buonaparte, 61, 20121 Milano MI, Italy"
LTE,222,1,11269,128018945,0,9.168777466,45.48271179,1000,1,1,1444721815,1444721815,0,"Via Andrea Mantegna, 2, 20154 Milano MI, Italy"
LTE,222,1,11268,128213517,0,9.157791138,45.48408508,1000,1,1,1435623405,1435623405,0,"Via Leon Battista Alberti, 12, 20149 Milano MI, Italy"
LTE,222,1,11268,128018947,0,9.166030884,45.47584534,1000,1,1,1435311250,1435311250,0,"Via Abbondio Sangiorgio, 21, 20145 Milano MI, Italy"
LTE,222,1,11268,128004866,0,9.145431519,45.47721863,1000,1,1,1433779532,1433779532,0,"Via Monte Rosa, 89, 20149 Milano MI, Italy"
LTE,222,1,11268,128013313,0,9.155044556,45.45387268,1000,1,1,1435221230,1435221230,0,"Piazza Napoli, 11, 20146 Milano MI, Italy"
LTE,222,1,11268,128257028,0,9.175643921,45.48683167,1000,1,1,1435278718,1435278718,0,"Via Luigi Nono, 9, 20154 Milano MI, Italy"
LTE,222,1,11268,128020227,0,9.163284302,45.48683167,1000,1,1,1436293102,1436293102,0,"Via Privata Francesco Koristka, 3, 20154 Milano MI, Italy"
LTE,222,1,11268,128020226,0,9.161911011,45.4813385,1000,1,1,1436026425,1436026425,0,"Domodossola, 20149 Milano MI, Italy"
LTE,222,1,11268,128016386,0,9.148178101,45.46211243,1000,1,1,1435622345,1435622345,0,"Viale Ergisto Bezzi, 73, 20146 Milano MI, Italy"
LTE,222,1,11268,128004865,0,9.142684937,45.48408508,1000,1,1,1435909326,1435909326,0,"Via Bertinoro, 9, 20148 Milano MI, Italy"
LTE,222,1,11268,128000770,0,9.155044556,45.49095154,1000,1,1,1444721815,1444721815,0,"Via Giuseppe Arimondi, 15, 20155 Milano MI, Italy"
LTE,222,1,11268,128012035,0,9.167404175,45.48820496,1000,1,1,1431740695,1431740695,0,"Via Gran S. Bernardo, 4, 20154 Milano MI, Italy"
LTE,222,1,11268,128013315,0,9.14680481,45.46485901,1000,1,1,1435622349,1435622349,0,"Via Giuseppe Frua, 24, 20146 Milano MI, Italy"
LTE,222,1,11268,128016385,0,9.157791138,45.46211243,1000,1,1,1435221270,1435221270,0,"Piazza Po, 4, 20144 Milano MI, Italy"
LTE,222,1,11268,128039169,0,9.18800354,45.50193787,1000,1,1,1441963664,1441963664,0,"Via Valassina, 45, 20159 Milano MI, Italy"
LTE,222,1,11268,128034817,0,9.14680481,45.48545837,1000,1,1,1444650265,1444650265,0,"Via Ignazio Gardella, 2, 20149 Milano MI, Italy"
LTE,222,1,11269,128213506,0,9.159164429,45.47859192,1000,1,1,1444641466,1444641466,0,"Largo Domodossola, 1 A, 20145 Milano MI, Italy"
LTE,222,1,11271,128039169,0,9.189376831,45.50331116,1000,1,1,1443147858,1443147858,0,"Via Benefattori dell'Ospedale, 84, 20159 Milano MI, Italy"
LTE,222,1,11270,128275460,0,9.138565063,45.4662323,1000,1,1,1437667578,1437667578,0,"Via Pisanello, 20, 20146 Milano MI, Italy"
LTE,222,1,11300,128049672,0,9.127578735,45.48545837,1000,1,1,1443793594,1443793594,0,"Via Diomede Via Trenno, 20148 Milano MI, Italy"
LTE,222,1,11269,128202241,0,9.157791138,45.47035217,1000,1,1,1444650288,1444650288,0,"Via Privata Duccio di Boninsegna, 10, 20145 Milano MI, Italy"
LTE,222,1,11271,128005121,0,9.177017212,45.47584534,1000,1,1,1444721815,1444721815,0,"Viale Repubblica Cisalpina, 3, 20154 Milano MI, Italy"
LTE,222,1,11300,128049665,0,9.131698608,45.49507141,1000,1,1,1444721815,1444721815,0,"Via Inverigo, 14, 20151 Milano MI, Italy"
LTE,222,1,11300,128036097,0,9.130325317,45.50331116,1000,1,1,1430027538,1430027538,0,"Via Montefeltro, 9, 20156 Milano MI, Italy"
LTE,222,1,11269,128034818,0,9.153671265,45.47996521,1000,1,1,1442312564,1442312564,0,"Via Demetrio Stratos, 8, 20145 Milano MI, Italy"
LTE,222,1,11270,128021250,0,9.137191772,45.46485901,1000,1,1,1437016283,1437016283,0,"Piazzale Siena, 7, 20146 Milano MI, Italy"
LTE,222,1,11270,128269317,0,9.166030884,45.45661926,1000,1,1,1442915895,1442915895,0,"Via Montevideo, 20144 Milano MI, Italy"
LTE,222,1,11270,128213761,0,9.148178101,45.45661926,1000,1,1,1437667578,1437667578,0,"Via Leone Tolstoi, 102, 20146 Milano MI, Italy"
LTE,222,1,11300,128003843,0,9.13444519,45.50468445,1000,1,1,1430454533,1430454533,0,"Via Angelo Brunetti, 13, 20156 Milano MI, Italy"
LTE,222,1,11270,128280582,0,9.137191772,45.46485901,1000,1,1,1438316526,1438316526,0,"Piazzale Siena, 7, 20146 Milano MI, Italy"
LTE,222,1,11270,128275457,0,9.137191772,45.46485901,1000,1,1,1438316526,1438316526,0,"Piazzale Siena, 7, 20146 Milano MI, Italy"
LTE,222,1,11300,128229123,0,9.10697937,45.51979065,1000,1,1,1436206687,1436206687,0,"Cardo, 20157 Milano MI, Italy"
LTE,222,1,11300,128222984,0,9.145431519,45.50331116,1000,1,1,1443602845,1443602845,0,"Via Maggianico, 6, 20156 Milano MI, Italy"
LTE,222,1,11300,128153345,0,9.126205444,45.51704407,1000,1,1,1436408935,1436408935,0,"Via Felice Orsini, 84, 20157 Milano MI, Italy"
LTE,222,1,11268,128007937,0,9.150924683,45.49919128,1000,1,1,1443158414,1443158414,0,"Via Grosseto, 1, 20156 Milano MI, Italy"
LTE,222,1,11268,128202247,0,9.164657593,45.47309875,1000,1,1,1431937228,1431937228,0,"Via Reggimento Savoia Cavalleria, 7, 20145 Milano MI, Italy"
LTE,222,1,11268,128014337,0,9.177017212,45.4662323,1000,1,1,1435590649,1435590649,0,"Via San Nicolao, 2, 20123 Milano MI, Italy"
LTE,222,1,11268,128039170,0,9.170150757,45.52116394,1000,1,1,1441963664,1441963664,0,"Via Gian Rinaldo Carli, 9, 20161 Milano MI, Italy"
LTE,222,1,11268,128034819,0,9.144058228,45.47996521,1000,1,1,1433958181,1433958181,0,"Lotto Fieramilanocity, 20149 Milano MI, Italy"
LTE,222,1,11268,128048899,0,9.164657593,45.4813385,1000,1,1,1435627923,1435627923,0,"Corso Sempione, 41, 20145 Milano MI, Italy"
LTE,222,1,11268,128018945,0,9.170150757,45.48408508,1000,1,1,1435909469,1435909469,0,"Via Paolo Lomazzo, 43, 20154 Milano MI, Italy"
LTE,222,1,11268,128005121,0,9.179763794,45.47584534,1000,1,1,1435627923,1435627923,0,"Viale Giorgio Byron, 2, 20154 Milano MI, Italy"
LTE,222,1,11268,128042753,0,9.153671265,45.48408508,1000,1,1,1444650288,1444650288,0,"Via Luigi Giuseppe Faravelli, 16, 20149 Milano MI, Italy"
LTE,222,1,11268,128202249,0,9.157791138,45.46348572,1000,1,1,1431924968,1431924968,0,"Via Domenico Cimarosa, 25, 20144 Milano MI, Italy"
LTE,222,1,11268,128006147,0,9.150924683,45.47859192,1000,1,1,1434281949,1434281949,0,"Piazzale Arduino, 4, 20149 Milano MI, Italy"
LTE,222,1,11268,128022529,0,9.163284302,45.46348572,1000,1,1,1436011780,1436011780,0,"Via Andrea Verga, 4, 20144 Milano MI, Italy"
LTE,222,1,11268,128007939,0,9.139938354,45.49095154,1000,1,1,1444721815,1444721815,0,"Tunnel Gattamelata, 20151 Milano MI, Italy"
LTE,222,1,11270,128202249,0,9.16053772,45.46073914,1000,1,1,1441819683,1441819683,0,"Via Giuseppe Dezza, 13, 20144 Milano MI, Italy"
LTE,222,1,11270,128016386,0,9.138565063,45.45799255,1000,1,1,1437667578,1437667578,0,"Via Bartolomeo D'Alviano, 51, 20146 Milano MI, Italy"
LTE,222,1,11300,128036098,0,9.138565063,45.49919128,1000,1,1,1426179616,1426179616,0,"Via Ludovico di Breme, 53, 20156 Milano MI, Italy"
LTE,222,1,11269,128018947,0,9.167404175,45.47584534,1000,1,1,1444650288,1444650288,0,"Via Abbondio Sangiorgio, 12, 20145 Milano MI, Italy"
LTE,222,1,11270,128286465,0,9.14680481,45.48545837,1000,1,1,1444721815,1444721815,0,"Via Ignazio Gardella, 2, 20149 Milano MI, Italy"
LTE,222,1,11270,128286470,0,9.138565063,45.47859192,1000,1,1,1442049828,1442049828,0,"Viale Federico Caprilli, 13, 20148 Milano MI, Italy"
LTE,222,1,11269,128257030,0,9.168777466,45.48545837,1000,1,1,1444778910,1444778910,0,"Via Paolo Lomazzo, 59, 20154 Milano MI, Italy"
LTE,222,1,11270,128004866,0,9.148178101,45.47584534,1000,1,1,1438005373,1438005373,0,"Via Monte Rosa, 50, 20149 Milano MI, Italy"
LTE,222,1,11269,128257027,0,9.168777466,45.48820496,1000,1,1,1444778910,1444778910,0,"Via Giuseppe Antonio Borgese, 1, 20154 Milano MI, Italy"
LTE,222,1,11271,128269314,0,9.167404175,45.45661926,1000,1,1,1442069261,1442069261,0,"Via Andrea Solari, 7, 20144 Milano MI, Italy"
LTE,222,1,11269,128034819,0,9.144058228,45.47996521,1000,1,1,1442049828,1442049828,0,"Lotto Fieramilanocity, 20149 Milano MI, Italy"
LTE,222,1,11269,128213517,0,9.16053772,45.4813385,1000,1,1,1438154586,1438154586,0,"Via Giovanni da Procida, 20, 20149 Milano MI, Italy"
LTE,222,1,11300,128220430,0,9.116592407,45.51704407,1000,1,1,1435962312,1435962312,0,"Via Cristina Belgioioso, 14, 20157 Milano MI, Italy"
LTE,222,1,11300,128220431,0,9.115219116,45.51567078,1000,1,1,1435909326,1435909326,0,"A4 Torino - Trieste, 20157 Milano MI, Italy"
LTE,222,1,11300,128229122,0,9.115219116,45.51567078,1000,1,1,1435909480,1435909480,0,"A4 Torino - Trieste, 20157 Milano MI, Italy"
LTE,222,1,11300,128219919,0,9.105606079,45.51841736,1000,1,1,1441974157,1441974157,0,"Cardo, 20157 Milano MI, Italy"
LTE,222,1,11301,128243203,0,9.067153931,45.49919128,1000,1,1,1441169803,1441169803,0,"A50, 20153 Milano MI, Italy"
LTE,222,1,11300,128256257,0,9.141311646,45.52116394,1000,1,1,1436408765,1436408765,0,"Via Carlo Amoretti, 63, 20157 Milano MI, Italy"
LTE,222,1,11300,128230660,0,9.102859497,45.51841736,1000,1,1,1445399691,1445399691,0,"Viale 19, 20157 Milano MI, Italy"
LTE,222,1,11300,128242440,0,9.10697937,45.50468445,1000,1,1,1444548240,1444548240,0,"Via Gallarate, 392, 20151 Milano MI, Italy"
LTE,222,1,11268,128213518,0,9.157791138,45.47859192,1000,1,1,1435221251,1435221251,0,"Piazza Tre Torri, 20145 Milano MI, Italy"
LTE,222,1,11268,128257027,0,9.168777466,45.48820496,1000,1,1,1435221162,1435221162,0,"Via Giuseppe Antonio Borgese, 1, 20154 Milano MI, Italy"
LTE,222,1,11268,128201987,0,9.156417847,45.4964447,1000,1,1,1445399691,1445399691,0,"Via Ercolano, 3, 20155 Milano MI, Italy"
LTE,222,1,11268,128018946,0,9.179763794,45.47584534,1000,1,1,1435627923,1435627923,0,"Viale Giorgio Byron, 2, 20154 Milano MI, Italy"
LTE,222,1,11268,128036865,0,9.159164429,45.5115509,1000,1,1,1443602845,1443602845,0,"Via Privata Prassitele, 2, 20157 Milano MI, Italy"
LTE,222,1,11268,128036610,0,9.16053772,45.48683167,1000,1,1,1444654532,1444654532,0,"Via Ezio Biondi, 6, 20154 Milano MI, Italy"
LTE,222,1,11268,128020225,0,9.168777466,45.48545837,1000,1,1,1436356688,1436356688,0,"Via Paolo Lomazzo, 59, 20154 Milano MI, Italy"
LTE,222,1,11268,128014338,0,9.172897339,45.45936584,1000,1,1,1436379801,1436379801,0,"Via Ariberto, 20, 20123 Milano MI, Italy"
LTE,222,1,11268,128035075,0,9.166030884,45.45661926,1000,1,1,1436379801,1436379801,0,"Via Montevideo, 20144 Milano MI, Italy"
LTE,222,1,11271,128035075,0,9.166030884,45.46073914,1000,1,1,1443799605,1443799605,0,"Viale Papiniano, 12, 20123 Milano MI, Italy"
LTE,222,1,11300,128049921,0,9.104232788,45.48408508,1000,1,1,1426081430,1426081430,0,"Via Cascina Bellaria, 94, 20151 Milano MI, Italy"
LTE,222,1,11300,128003842,0,9.135818481,45.49232483,1000,1,1,1430371704,1430371704,0,"Via Francesco de Lemene, 37, 20151 Milano MI, Italy"
LTE,222,1,11269,128257029,0,9.172897339,45.48408508,1000,1,1,1444566413,1444566413,0,"Via Giulio Cesare Procaccini, 18, 20154 Milano MI, Italy"
LTE,222,1,11269,128034817,0,9.145431519,45.48545837,1000,1,1,1442280228,1442280228,0,"Via Ignazio Gardella, 20149 Milano MI, Italy"
LTE,222,1,11300,128049666,0,9.128952026,45.48545837,1000,1,1,1443549834,1443549834,0,"Via Carlo Osma, 2, 20151 Milano MI, Italy"
LTE,222,1,11271,128013315,0,9.152297974,45.45661926,1000,1,1,1437135092,1437135092,0,"Viale Misurata, 27, 20146 Milano MI, Italy"
LTE,222,1,11269,128213510,0,9.159164429,45.48408508,1000,1,1,1444650288,1444650288,0,"Via Arona, 2, 20149 Milano MI, Italy"
LTE,222,1,11270,128275462,0,9.137191772,45.46211243,1000,1,1,1438316526,1438316526,0,"Piazzale Giovanni delle Bande Nere, 8, 20146 Milano MI, Italy"
LTE,222,1,11271,128225026,0,9.172897339,45.47172546,1000,1,1,1444107017,1444107017,0,"Viale Pietro e Maria Curie, 7110, 20123 Milano MI, Italy"
LTE,222,1,11300,80533642,0,9.10697937,45.51841736,1000,1,1,1434763410,1434763410,0,"Viale 24, 20157 Milano MI, Italy"
LTE,222,1,11269,128257026,0,9.172897339,45.48408508,1000,1,1,1444650288,1444650288,0,"Via Giulio Cesare Procaccini, 18, 20154 Milano MI, Italy"
LTE,222,1,11300,128049671,0,9.128952026,45.50468445,1000,1,1,1444090931,1444090931,0,"Via Sapri, 83, 20156 Milano MI, Italy"
LTE,222,1,11269,128020226,0,9.163284302,45.4813385,1000,1,1,1444107017,1444107017,0,"Via Trebazio, 4, 20145 Milano MI, Italy"
LTE,222,1,11300,128222983,0,9.150924683,45.50880432,1000,1,1,1443158421,1443158421,0,"Via Dante Chiasserini, 103, 20157 Milano MI, Italy"
LTE,222,1,11300,128129294,0,9.123458862,45.47859192,1000,1,1,1428883367,1428883367,0,"Via dei Piccolomini, 3, 20151 Milano MI, Italy"
LTE,222,1,11300,128207619,0,9.123458862,45.51292419,1000,1,1,1429674363,1429674363,0,"Via Giorgio Stephenson, 76, 20157 Milano MI, Italy"
LTE,222,1,11300,128222978,0,9.145431519,45.50193787,1000,1,1,1445399691,1445399691,0,"Via C. Marcello (Villapizzone), 20156 Milano MI, Italy"
LTE,222,1,11300,128163587,0,9.122085571,45.49919128,1000,1,1,1428971557,1428971557,0,"Via Privata Grosio, 10, 20151 Milano MI, Italy"
LTE,222,1,11300,128231169,0,9.102859497,45.52116394,1000,1,1,1439354768,1439354768,0,"Via Cristina Belgioioso, 165, 20157 Milano MI, Italy"
LTE,222,1,11300,128242435,0,9.098739624,45.51429749,1000,1,1,1443798712,1443798712,0,"Cascina Merlata, Milano MI, Italy"
LTE,222,1,11300,128230146,0,9.108352661,45.51429749,1000,1,1,1435962312,1435962312,0,"Via Triboniano, 242, 20157 Milano MI, Italy"
LTE,222,1,11300,128231171,0,9.100112915,45.52391052,1000,1,1,1444038878,1444038878,0,"Via Cristina Belgioioso, 173, 20157 Milano MI, Italy"
LTE,222,1,11300,128230145,0,9.113845825,45.51567078,1000,1,1,1435962312,1435962312,0,"Zona Stephenson, Milano MI, Italy"
LTE,222,1,11300,128249345,0,9.111099243,45.4964447,1000,1,1,1444157186,1444157186,0,"Via Giacomo Quarenghi, 23, 20151 Milano MI, Italy"
LTE,222,1,11301,128219919,0,9.105606079,45.51841736,1000,1,1,1444544850,1444544850,0,"Cardo, 20157 Milano MI, Italy"
LTE,222,1,11300,128258052,0,9.126205444,45.50468445,1000,1,1,1435962312,1435962312,0,"Via Sapri, 89, 20156 Milano MI, Italy"
LTE,222,1,11300,128258563,0,9.115219116,45.51841736,1000,1,1,1436326785,1436326785,0,"Via Cristina Belgioioso, 14, 20157 Milano MI, Italy"
LTE,222,1,11300,128242441,0,9.098739624,45.51429749,1000,1,1,1432690052,1432690052,0,"Cascina Merlata, Milano MI, Italy"
LTE,222,1,11300,128242433,0,9.102859497,45.51429749,1000,1,1,1444711040,1444711040,0,"Cascina Merlata, Milano MI, Italy"
LTE,222,1,11302,128256258,0,9.130325317,45.50468445,1000,1,1,1444721815,1444721815,0,"Via Sapri, 64, 20156 Milano MI, Italy"
LTE,222,1,11302,128229122,0,9.113845825,45.51567078,1000,1,1,1444908907,1444908907,0,"Zona Stephenson, Milano MI, Italy"
LTE,222,1,11302,128256259,0,9.131698608,45.50743103,1000,1,1,1445399691,1445399691,0,"Via Antonio Mambretti, 9, 20157 Milano MI, Italy"
LTE,222,1,11301,128258050,0,9.130325317,45.49919128,1000,1,1,1444650265,1444650265,0,"Viale Certosa, 7174, 20151 Milano MI, Italy"
LTE,222,1,11302,128258049,0,9.128952026,45.50468445,1000,1,1,1440130896,1440130896,0,"Via Sapri, 83, 20156 Milano MI, Italy"
LTE,222,1,11302,128291078,0,9.135818481,45.50331116,1000,1,1,1444650265,1444650265,0,"Via Mario Pannunzio, 12, 20156 Milano MI, Italy"
LTE,222,1,11302,128220431,0,9.113845825,45.51704407,1000,1,1,1440839433,1440839433,0,"Unnamed Road, 20157 Milano MI, Italy"
LTE,222,1,11302,128230146,0,9.108352661,45.51429749,1000,1,1,1442056604,1442056604,0,"Via Triboniano, 242, 20157 Milano MI, Italy"
LTE,222,1,11302,128220420,0,9.105606079,45.51979065,1000,1,1,1442807296,1442807296,0,"Viale 21, 20157 Milano MI, Italy"
LTE,222,1,11303,128161538,0,9.072647095,45.48820496,1000,1,1,1442663550,1442663550,0,"Via Turbigo Via Novara, 20153 Milano MI, Italy"
LTE,222,1,11303,128003843,0,9.130325317,45.50605774,1000,1,1,1442312564,1442312564,0,"Via Alassio, 10, 20156 Milano MI, Italy"
LTE,222,1,11303,128222985,0,9.130325317,45.50605774,1000,1,1,1442280228,1442280228,0,"Via Alassio, 10, 20156 Milano MI, Italy"
LTE,222,1,11484,128013315,0,9.148178101,45.46211243,1000,1,1,1433958181,1433958181,0,"Viale Ergisto Bezzi, 73, 20146 Milano MI, Italy"
LTE,222,1,11484,128082179,0,9.150924683,45.47447205,1000,1,1,1434281949,1434281949,0,"Via Monte Bianco, 2, 20149 Milano MI, Italy"
LTE,222,1,11604,128174339,0,9.149551392,45.40992737,1000,1,1,1433224127,1433224127,0,"Via del Bosco Rinnovato, 6, 20090 Milano MI, Italy"
LTE,222,1,11612,128049922,0,9.117965698,45.47584534,1000,1,1,1442156028,1442156028,0,"Via Monte Baldo, 15, 20153 Milano MI, Italy"
LTE,222,1,11612,128222983,0,9.155044556,45.51704407,1000,1,1,1435749845,1435749845,0,"Via Bovisasca Via El Alamein, 20157 Milano MI, Italy"
LTE,222,1,11620,128055049,0,9.075393677,45.46211243,1000,1,1,1435991251,1435991251,0,"Via S. Fermo, 10, 20153 Milano MI, Italy"
LTE,222,1,11612,128008962,0,9.152297974,45.4662323,1000,1,1,1442384494,1442384494,0,"Via Asti, 18, 20149 Milano MI, Italy"
LTE,222,1,11620,128202760,0,9.112472534,45.44700623,1000,1,1,1436446731,1436446731,0,"Via Anna Kuliscioff, 32, 20152 Milano MI, Italy"
LTE,222,1,11620,128234242,0,9.123458862,45.44288635,1000,1,1,1448459583,1448459583,0,"Via Pietro Giordani, 46, 20147 Milano MI, Italy"
LTE,222,1,11620,128272133,0,9.133071899,45.44975281,1000,1,1,1447455625,1447455625,0,"Via delle Rose, 26, 20147 Milano MI, Italy"
LTE,222,1,11620,128303876,0,9.124832153,45.46073914,1000,1,1,1450361084,1450361084,0,"Via Giovanni Labus, 13, 20147 Milano MI, Italy"
LTE,222,1,11620,128291587,0,9.104232788,45.45936584,1000,1,1,1442906894,1442906894,0,"Via delle Forze Armate, 279, 20152 Milano MI, Italy"
LTE,222,1,11300,128163586,0,9.130325317,45.49781799,1000,1,1,1430371692,1430371692,0,"Via Gallarate, 139, 20151 Milano MI, Italy"
LTE,222,1,11300,128153346,0,9.10697937,45.5115509,1000,1,1,1436408935,1436408935,0,"Cascina Merlata, Milano MI, Italy"
LTE,222,1,11301,128160515,0,9.101486206,45.52116394,1000,1,1,1439565138,1439565138,0,"Viale 15, 20157 Milano MI, Italy"
LTE,222,1,11300,128256260,0,9.135818481,45.51567078,1000,1,1,1436364169,1436364169,0,"Via Lessona Via Satta, 20157 Milano MI, Italy"
LTE,222,1,11301,128229637,0,9.105606079,45.51841736,1000,1,1,1445399691,1445399691,0,"Cardo, 20157 Milano MI, Italy"
LTE,222,1,11300,128256258,0,9.133071899,45.50605774,1000,1,1,1436364991,1436364991,0,"Via Ermenegildo Cantoni, 24, 20156 Milano MI, Italy"
LTE,222,1,11300,128249350,0,9.109725952,45.50056458,1000,1,1,1432823491,1432823491,0,"Via Castellanza, 8, 20151 Milano MI, Italy"
LTE,222,1,11301,128230149,0,9.108352661,45.51429749,1000,1,1,1444711033,1444711033,0,"Via Triboniano, 242, 20157 Milano MI, Italy"
LTE,222,1,11300,128258053,0,9.131698608,45.49781799,1000,1,1,1435909469,1435909469,0,"Via Lucilio Gaio, 11, 20151 Milano MI, Italy"
LTE,222,1,11302,128258052,0,9.126205444,45.51017761,1000,1,1,1438316526,1438316526,0,"Via Giorgio Stephenson, 43A, 20157 Milano MI, Italy"
LTE,222,1,11303,128003842,0,9.135818481,45.49232483,1000,1,1,1442312564,1442312564,0,"Via Francesco de Lemene, 37, 20151 Milano MI, Italy"
LTE,222,1,11302,128258053,0,9.130325317,45.49919128,1000,1,1,1442312564,1442312564,0,"Viale Certosa, 7174, 20151 Milano MI, Italy"
LTE,222,1,11302,128003842,0,9.135818481,45.4964447,1000,1,1,1443147850,1443147850,0,"Viale Certosa, 165, 20151 Milano MI, Italy"
LTE,222,1,11302,128036099,0,9.123458862,45.49919128,1000,1,1,1442280228,1442280228,0,"Via Privata Grosio, 3, 20151 Milano MI, Italy"
LTE,222,1,11302,128256262,0,9.128952026,45.50880432,1000,1,1,1444650265,1444650265,0,"Via Giorgio Stephenson, 160, 20157 Milano MI, Italy"
LTE,222,1,11302,128291076,0,9.139938354,45.50056458,1000,1,1,1444107017,1444107017,0,"Piazzale Santorre di Santarosa, 4, 20156 Milano MI, Italy"
LTE,222,1,11303,128049666,0,9.128952026,45.48957825,1000,1,1,1438316526,1438316526,0,"Via Giulio Natta, 20151 Milano MI, Italy"
LTE,222,1,11303,128161551,0,9.067153931,45.49095154,1000,1,1,1440076898,1440076898,0,"Via Molinetto, 53, 20153 Milano MI, Italy"
LTE,222,1,11484,128005123,0,9.175643921,45.46897888,1000,1,1,1430281276,1430281276,0,"Via Pietro Paleocapa, 3, 20123 Milano MI, Italy"
LTE,222,1,11303,128161549,0,9.067153931,45.49781799,1000,1,1,1444715642,1444715642,0,"SPexSS11, 20153 Milano MI, Italy"
LTE,222,1,11612,128222979,0,9.13444519,45.50468445,1000,1,1,1436364991,1436364991,0,"Via Angelo Brunetti, 13, 20156 Milano MI, Italy"
LTE,222,1,11612,128003842,0,9.135818481,45.49507141,1000,1,1,1435909326,1435909326,0,"Via Giovanni della Casa, 2, 20151 Milano MI, Italy"
LTE,222,1,11612,128222985,0,9.128952026,45.50468445,1000,1,1,1435369700,1435369700,0,"Via Sapri, 83, 20156 Milano MI, Italy"
LTE,222,1,11620,128055048,0,9.105606079,45.46897888,1000,1,1,1433779532,1433779532,0,"Via Pompeo Marchesi, 53, 20153 Milano MI, Italy"
LTE,222,1,11620,128000515,0,9.128952026,45.45249939,1000,1,1,1442156144,1442156144,0,"Via dei Gigli, 117, 20147 Milano MI, Italy"
LTE,222,1,11616,128245249,0,9.2552948,45.49507141,1000,1,1,1434594244,1434594244,0,"Viale Turchia, 20134 Milano MI, Italy"
LTE,222,1,11612,128036098,0,9.139938354,45.49095154,1000,1,1,1435298759,1435298759,0,"Tunnel Gattamelata, 20151 Milano MI, Italy"
LTE,222,1,11620,128019457,0,9.115219116,45.4662323,1000,1,1,1436825008,1436825008,0,"Via Cardinale Tosi, 7, 20152 Milano MI, Italy"
LTE,222,1,11612,128038403,0,9.119338989,45.47721863,1000,1,1,1442049828,1442049828,0,"San Siro Stadio M5, 20151 Milano MI, Italy"
LTE,222,1,11620,128291589,0,9.116592407,45.45661926,1000,1,1,1450361062,1450361062,0,"Via Zurigo, 28, 20147 Milano MI, Italy"
LTE,222,1,11621,128165379,0,9.078140259,45.4662323,1000,1,1,1450771117,1450771117,0,"Via Budrio, 44, 20153 Milano MI, Italy"
LTE,222,1,11621,128202761,0,9.078140259,45.43876648,1000,1,1,1449722813,1449722813,0,"Via Ferdinando Magellano, 12, 20090 Milano MI, Italy"
LTE,222,1,11620,128256006,0,9.100112915,45.4662323,1000,1,1,1433779532,1433779532,0,"Via Bonaventura Broggini, 30, 20152 Milano MI, Italy"
LTE,222,1,11621,128165391,0,9.082260132,45.48820496,1000,1,1,1441231485,1441231485,0,"Via Lucio Cornelio Silla, 20153 Milano MI, Italy"
LTE,222,1,11621,128055042,0,9.091873169,45.45387268,1000,1,1,1446480204,1446480204,0,"Via Benozzo Gozzoli, 93, 20152 Milano MI, Italy"
LTE,222,1,11620,128256003,0,9.097366333,45.46485901,1000,1,1,1433779532,1433779532,0,"Via Bonaventura Broggini, 20152 Milano MI, Italy"
LTE,222,1,11620,128303877,0,9.127578735,45.45936584,1000,1,1,1450347693,1450347693,0,"Viale Legioni Romane, 54, 20147 Milano MI, Italy"
LTE,222,1,11621,128046850,0,9.086380005,45.46760559,1000,1,1,1450620271,1450620271,0,"Via Q.to Romano Via Budrio, 20153 Milano MI, Italy"
LTE,222,1,11301,128036099,0,9.130325317,45.4964447,1000,1,1,1443888241,1443888241,0,"Mi-Vle Del Ghisallo-Ferm Bus69, 20151 Milano MI, Italy"
LTE,222,1,11300,128242434,0,9.105606079,45.50880432,1000,1,1,1440385401,1440385401,0,"Cascina Merlata, Milano MI, Italy"
LTE,222,1,11300,128256261,0,9.131698608,45.50605774,1000,1,1,1435303807,1435303807,0,"Via Alassio, 10, 20156 Milano MI, Italy"
LTE,222,1,11300,128249348,0,9.108352661,45.50056458,1000,1,1,1443412211,1443412211,0,"Via Appennini Via Quarenghi, 20151 Milano MI, Italy"
LTE,222,1,11300,128230657,0,9.102859497,45.51841736,1000,1,1,1445399691,1445399691,0,"Viale 19, 20157 Milano MI, Italy"
LTE,222,1,11301,128036098,0,9.139938354,45.48957825,1000,1,1,1443888237,1443888237,0,"Viale Achille Papa, 30, 20129 Milano MI, Italy"
LTE,222,1,11300,128256259,0,9.130325317,45.5115509,1000,1,1,1436190773,1436190773,0,"Via Antonio Aldini, 77, 20157 Milano MI, Italy"
LTE,222,1,11302,128256261,0,9.13444519,45.50605774,1000,1,1,1444650265,1444650265,0,"Via Triboniano, 9, 20156 Milano MI, Italy"
LTE,222,1,11302,128243974,0,9.123458862,45.51429749,1000,1,1,1445399691,1445399691,0,"Via Giovanni Battista Grassi, 19, 20157 Milano MI, Italy"
LTE,222,1,11302,128258050,0,9.131698608,45.4964447,1000,1,1,1440054861,1440054861,0,"Via Magreglio, 3, 20151 Milano MI, Italy"
LTE,222,1,11302,128036097,0,9.128952026,45.50468445,1000,1,1,1442280228,1442280228,0,"Via Sapri, 83, 20156 Milano MI, Italy"
LTE,222,1,11302,128153349,0,9.111099243,45.51292419,1000,1,1,1442588000,1442588000,0,"Via Giorgio Stephenson, 107, 20157 Milano MI, Italy"
LTE,222,1,11302,128230149,0,9.113845825,45.51292419,1000,1,1,1442215668,1442215668,0,"Via Giorgio Stephenson, 103, 20157 Milano MI, Italy"
LTE,222,1,11303,128049672,0,9.137191772,45.47859192,1000,1,1,1442049828,1442049828,0,"Via degli Odescalchi, 24, 20148 Milano MI, Italy"
LTE,222,1,11303,128222977,0,9.150924683,45.51017761,1000,1,1,1437136655,1437136655,0,"Via Dante Chiasserini, 101, 20157 Milano MI, Italy"
LTE,222,1,11303,128222978,0,9.14680481,45.50331116,1000,1,1,1443104542,1443104542,0,"Via Michele Pericle Negrotto, 31, 20157 Milano MI, Italy"
LTE,222,1,11612,128007427,0,9.128952026,45.49507141,1000,1,1,1431005657,1431005657,0,"Via Fabrizio Quattrocchi, 22, 20151 Milano MI, Italy"
LTE,222,1,11612,128049928,0,9.115219116,45.47447205,1000,1,1,1442049828,1442049828,0,"Via Privata Bernab√≤ Visconti, 8, 20153 Milano MI, Italy"
LTE,222,1,11612,128009218,0,9.133071899,45.50605774,1000,1,1,1433958181,1433958181,0,"Via Ermenegildo Cantoni, 24, 20156 Milano MI, Italy"
LTE,222,1,11612,128163587,0,9.109725952,45.50056458,1000,1,1,1432823490,1432823490,0,"Via Castellanza, 8, 20151 Milano MI, Italy"
LTE,222,1,11612,128049927,0,9.102859497,45.48271179,1000,1,1,1438881783,1438881783,0,"Via Cascina Bellaria, 90, 20153 Milano MI, Italy"
LTE,222,1,11620,128000513,0,9.130325317,45.45524597,1000,1,1,1441282253,1441282253,0,"Via Degli Anemoni Via Primaticcio, 20147 Milano MI, Italy"
LTE,222,1,11612,128222978,0,9.148178101,45.50468445,1000,1,1,1436364991,1436364991,0,"Via Michele Pericle Negrotto, 52, 20157 Milano MI, Italy"
LTE,222,1,11612,128222977,0,9.150924683,45.51017761,1000,1,1,1435749845,1435749845,0,"Via Dante Chiasserini, 101, 20157 Milano MI, Italy"
LTE,222,1,11620,128233475,0,9.256668091,45.47172546,1000,1,1,1436019924,1436019924,0,"Via Arcangelo Corelli, 71, 20134 Milano MI, Italy"
LTE,222,1,11620,128215809,0,9.130325317,45.44151306,1000,1,1,1447527601,1447527601,0,"Via Lodovico Il Moro, 153, 20142 Milano MI, Italy"
LTE,222,1,11621,128055041,0,9.089126587,45.47996521,1000,1,1,1448860361,1448860361,0,"Via S. Romanello 41, 49, 20153 Milano MI, Italy"
LTE,222,1,11621,128046857,0,9.080886841,45.46073914,1000,1,1,1450347693,1450347693,0,"Via Cusago, 80, 20153 Milano MI, Italy"
LTE,222,1,11300,128161551,0,9.068527222,45.49095154,1000,1,1,1436354704,1436354704,0,"Via Novara, 560, 20153 Milano MI, Italy"
LTE,222,1,11300,128049922,0,9.12071228,45.47447205,1000,1,1,1428676383,1428676383,0,"Via Val Poschiavina, 8, 20153 Milano MI, Italy"
LTE,222,1,11300,128229633,0,9.10697937,45.51979065,1000,1,1,1434259627,1434259627,0,"Cardo, 20157 Milano MI, Italy"
LTE,222,1,11301,128229636,0,9.105606079,45.51979065,1000,1,1,1444716122,1444716122,0,"Viale 21, 20157 Milano MI, Italy"
LTE,222,1,11300,128230658,0,9.098739624,45.51429749,1000,1,1,1445399691,1445399691,0,"Cascina Merlata, Milano MI, Italy"
LTE,222,1,11300,128229637,0,9.10697937,45.51979065,1000,1,1,1436297994,1436297994,0,"Cardo, 20157 Milano MI, Italy"
LTE,222,1,11300,128229638,0,9.102859497,45.52116394,1000,1,1,1434985539,1434985539,0,"Via Cristina Belgioioso, 165, 20157 Milano MI, Italy"
LTE,222,1,11300,128258050,0,9.130325317,45.49781799,1000,1,1,1435303807,1435303807,0,"Via Gallarate, 139, 20151 Milano MI, Italy"
LTE,222,1,11301,128229634,0,9.105606079,45.51979065,1000,1,1,1445399691,1445399691,0,"Viale 21, 20157 Milano MI, Italy"
LTE,222,1,11300,128242439,0,9.104232788,45.51429749,1000,1,1,1443891705,1443891705,0,"Via Triboniano, 20157 Milano MI, Italy"
LTE,222,1,11301,128036097,0,9.131698608,45.50331116,1000,1,1,1444228303,1444228303,0,"Via Montefeltro, 6/B, 20156 Milano MI, Italy"
LTE,222,1,11300,128256262,0,9.128952026,45.51017761,1000,1,1,1435303807,1435303807,0,"Via Giovanni Gentile, 1, 20157 Milano MI, Italy"
LTE,222,1,11300,128258049,0,9.126205444,45.50193787,1000,1,1,1435016723,1435016723,0,"Viale Certosa, 272, 20156 Milano MI, Italy"
LTE,222,1,11302,128291075,0,9.130325317,45.50605774,1000,1,1,1444721815,1444721815,0,"Via Alassio, 10, 20156 Milano MI, Italy"
LTE,222,1,11303,128161537,0,9.068527222,45.49919128,1000,1,1,1444727730,1444727730,0,"A50, 20153 Milano MI, Italy"
LTE,222,1,11302,128153346,0,9.109725952,45.51292419,1000,1,1,1443891705,1443891705,0,"Via Triboniano, 220, 20157 Milano MI, Italy"
LTE,222,1,11303,128003841,0,9.139938354,45.49919128,1000,1,1,1441199443,1441199443,0,"Viale Carlo Espinasse, 95, 20156 Milano MI, Italy"
LTE,222,1,11301,128258053,0,9.130325317,45.49781799,1000,1,1,1444721815,1444721815,0,"Via Gallarate, 139, 20151 Milano MI, Italy"
LTE,222,1,11303,128049665,0,9.130325317,45.49369812,1000,1,1,1442312564,1442312564,0,"Viale Alcide de Gasperi, 4, 20151 Milano MI, Italy"
LTE,222,1,11484,128005122,0,9.179763794,45.46897888,1000,1,1,1434520004,1434520004,0,"Piazza Castello, 20121 Milano MI, Italy"
LTE,222,1,11484,128014338,0,9.172897339,45.46211243,1000,1,1,1432871925,1432871925,0,"Via Giosu√® Carducci, 38, 20123 Milano MI, Italy"
LTE,222,1,11303,128211463,0,9.06578064,45.50331116,1000,1,1,1441169803,1441169803,0,"A50, 20153 Milano MI, Italy"
LTE,222,1,11484,128005121,0,9.177017212,45.47309875,1000,1,1,1433779532,1433779532,0,"Viale Alessandro Pet≈ëfi, 20121 Milano MI, Italy"
LTE,222,1,11303,128222979,0,9.130325317,45.50193787,1000,1,1,1442312564,1442312564,0,"Via del Ghisallo P.le ai Laghi, 20156 Milano MI, Italy"
LTE,222,1,11616,128245250,0,9.2552948,45.48683167,1000,1,1,1434880729,1434880729,0,"Via Rombon (Sacro Cuore), 20134 Milano MI, Italy"
LTE,222,1,11620,128055041,0,9.100112915,45.46760559,1000,1,1,1433779532,1433779532,0,"Via Pompeo Marchesi, 75, 20153 Milano MI, Italy"
LTE,222,1,11612,128049672,0,9.139938354,45.47859192,1000,1,1,1436461133,1436461133,0,"Viale Federico Caprilli, 13, 20148 Milano MI, Italy"
LTE,222,1,11612,128049665,0,9.131698608,45.49507141,1000,1,1,1435909326,1435909326,0,"Via Inverigo, 14, 20151 Milano MI, Italy"
LTE,222,1,11620,128000514,0,9.116592407,45.46211243,1000,1,1,1441254525,1441254525,0,"Via Olivieri Via F.ze Armate, 20152 Milano MI, Italy"
LTE,222,1,11612,128036097,0,9.127578735,45.50331116,1000,1,1,1436364991,1436364991,0,"Via Privata Cefalonia, 10, 20156 Milano MI, Italy"
LTE,222,1,11612,128003843,0,9.133071899,45.50331116,1000,1,1,1436364991,1436364991,0,"Via Angelo Brunetti, 21, 20156 Milano MI, Italy"
LTE,222,1,11612,128049666,0,9.133071899,45.48271179,1000,1,1,1433779532,1433779532,0,"Via Diomede, 15, 20148 Milano MI, Italy"
LTE,222,1,11612,128222984,0,9.148178101,45.50331116,1000,1,1,1436364991,1436364991,0,"Via Michele Pericle Negrotto, 16, 20156 Milano MI, Italy"
LTE,222,1,11612,128038402,0,9.139938354,45.47721863,1000,1,1,1442049828,1442049828,0,"Via Gavirate, 21, 20148 Milano MI, Italy"
LTE,222,1,11612,128049673,0,9.101486206,45.49369812,1000,1,1,1436032179,1436032179,0,"Via Balla Via F.lli Rizzardi, 20151 Milano MI, Italy"
LTE,222,1,11612,128038401,0,9.124832153,45.4813385,1000,1,1,1442049828,1442049828,0,"Via Fetonte, 12, 20151 Milano MI, Italy"
LTE,222,1,11620,128019458,0,9.127578735,45.45661926,1000,1,1,1447455625,1447455625,0,"Via dei Ciclamini, 11, 20147 Milano MI, Italy"
LTE,222,1,11608,128083713,0,9.204483032,45.51429749,1000,1,1,1433779532,1433779532,0,"Viale Fulvio Testi, 180, 20126 Milano MI, Italy"
LTE,222,1,11620,128165377,0,9.098739624,45.46897888,1000,1,1,1433779532,1433779532,0,"Via Pompeo Marchesi, 91, 20153 Milano MI, Italy"
LTE,222,1,11621,128046856,0,9.122085571,45.46073914,1000,1,1,1449722813,1449722813,0,"Via Saint Bon Via F.ze Armate, 20147 Milano MI, Italy"
LTE,222,1,11620,128272134,0,9.127578735,45.44975281,1000,1,1,1447407934,1447407934,0,"Via dei Giacinti, 31, 20147 Milano MI, Italy"
LTE,222,1,11620,128291588,0,9.10697937,45.47309875,1000,1,1,1449856124,1449856124,0,"Via Milly, 9, 20153 Milano MI, Italy"
LTE,222,1,11620,128291585,0,9.116592407,45.46760559,1000,1,1,1450664025,1450664025,0,"Via S. Giusto, 83, 20153 Milano MI, Italy"
LTE,222,1,11620,128303878,0,9.115219116,45.45661926,1000,1,1,1450361062,1450361062,0,"Via Basilea, 6, 20152 Milano MI, Italy"
LTE,222,1,11620,128272130,0,9.13444519,45.45249939,1000,1,1,1446119337,1446119337,0,"L.go Brasilia, 20146 Milano MI, Italy"
LTE,222,1,11300,128230150,0,9.104232788,45.51429749,1000,1,1,1431260788,1431260788,0,"Via Triboniano, 20157 Milano MI, Italy"
LTE,222,1,11302,128243973,0,9.127578735,45.51017761,1000,1,1,1445399691,1445399691,0,"Via Giovanni Gentile, 3, 20157 Milano MI, Italy"
LTE,222,1,11302,128243971,0,9.123458862,45.51429749,1000,1,1,1444650265,1444650265,0,"Via Giovanni Battista Grassi, 19, 20157 Milano MI, Italy"
LTE,222,1,11302,128291073,0,9.141311646,45.49781799,1000,1,1,1444107017,1444107017,0,"Via Panfilo Nuvolone, 32, 20156 Milano MI, Italy"
LTE,222,1,11302,128036098,0,9.141311646,45.49095154,1000,1,1,1442280228,1442280228,0,"Viale Achille Papa, 30, 20159 Milano MI, Italy"
LTE,222,1,11302,128003843,0,9.130325317,45.50605774,1000,1,1,1443147850,1443147850,0,"Via Alassio, 10, 20156 Milano MI, Italy"
LTE,222,1,11301,128258052,0,9.126205444,45.51017761,1000,1,1,1443963868,1443963868,0,"Via Giorgio Stephenson, 43A, 20157 Milano MI, Italy"
LTE,222,1,11302,128220430,0,9.115219116,45.51704407,1000,1,1,1443963868,1443963868,0,"Via Cristina Belgioioso, 28, 20157 Milano MI, Italy"
LTE,222,1,11302,128200194,0,9.131698608,45.52253723,1000,1,1,1436973212,1436973212,0,"Via Val Lagarina, 69, 20157 Milano MI, Italy"
LTE,222,1,11303,128049671,0,9.128952026,45.50331116,1000,1,1,1442280228,1442280228,0,"Via Garegnano, 41a, 20156 Milano MI, Italy"
LTE,222,1,11484,128014339,0,9.172897339,45.46348572,1000,1,1,1433952248,1433952248,0,"Via Aristide de Togni, 19, 20123 Milano MI, Italy"
LTE,222,1,11604,128087297,0,9.161911011,45.42778015,1000,1,1,1433779562,1433779562,0,"Via S. Paolino, 34, 20142 Milano MI, Italy"
LTE,222,1,11612,128049923,0,9.10697937,45.47721863,1000,1,1,1437044605,1437044605,0,"Via Privata Luigi Zoja, 30, 20153 Milano MI, Italy"
LTE,222,1,11620,128055043,0,9.076766968,45.46211243,1000,1,1,1436354804,1436354804,0,"Via Seguro, 111, 20153 Milano MI, Italy"
LTE,222,1,11612,128036099,0,9.123458862,45.49781799,1000,1,1,1436488418,1436488418,0,"Via Sem Benelli, 12, 20151 Milano MI, Italy"
LTE,222,1,11612,128163586,0,9.130325317,45.49919128,1000,1,1,1433224156,1433224156,0,"Viale Certosa, 7174, 20151 Milano MI, Italy"
LTE,222,1,11612,128212999,0,9.139938354,45.47721863,1000,1,1,1442049828,1442049828,0,"Via Gavirate, 21, 20148 Milano MI, Italy"
LTE,222,1,11616,128228611,0,9.24156189,45.46073914,1000,1,1,1431017026,1431017026,0,"Via Decorati Al Valor Civile, 10, 20138 Milano MI, Italy"
LTE,222,1,11616,128243716,0,9.258041382,45.5115509,1000,1,1,1434594244,1434594244,0,"Via Padova, 370, 20132 Milano MI, Italy"
LTE,222,1,11620,128032769,0,9.10697937,45.46897888,1000,1,1,1442049828,1442049828,0,"Via Remigio Paone, 12, 20153 Milano MI, Italy"
LTE,222,1,11616,128228609,0,9.252548218,45.46211243,1000,1,1,1434594281,1434594281,0,"Viale Enrico Forlanini, 75, 20134 Milano MI, Italy"
LTE,222,1,11620,128221193,0,9.124832153,45.43739319,1000,1,1,1448996311,1448996311,0,"Via Fernando Santi, 5, 20142 Milano MI, Italy"
LTE,222,1,11621,128046851,0,9.087753296,45.46211243,1000,1,1,1450347693,1450347693,0,"Via II Giugno, 7, 20153 Milano MI, Italy"
LTE,222,1,11620,128256004,0,9.101486206,45.46073914,1000,1,1,1448860235,1448860235,0,"Via delle Forze Armate, 312, 20152 Milano MI, Italy"
LTE,222,1,11621,128165390,0,9.075393677,45.47447205,1000,1,1,1449722813,1449722813,0,"Via Gaetano Airaghi, 120, 20153 Milano MI, Italy"
LTE,222,1,11620,128256005,0,9.094619751,45.45524597,1000,1,1,1435644054,1435644054,0,"Via Valsesia, 76, 20152 Milano MI, Italy"
LTE,222,1,11621,128046855,0,9.069900513,45.48271179,1000,1,1,1450353844,1450353844,0,"A50, 20153 Milano MI, Italy"
LTE,222,1,11620,128272129,0,9.131698608,45.45661926,1000,1,1,1446119337,1446119337,0,"Via Francesco Primaticcio, 140, 20147 Milano MI, Italy"
LTE,222,1,11620,128234241,0,9.12071228,45.44837952,1000,1,1,1430383682,1430383682,0,"Via Bisceglie Via Bensi, 20152 Milano MI, Italy"
LTE,222,1,11623,128233475,0,9.262161255,45.47309875,1000,1,1,1442299733,1442299733,0,"Viale Lazio, 41, 20134 Milano MI, Italy"
LTE,222,1,11672,128002817,0,9.182510376,45.4662323,1000,1,1,1442384494,1442384494,0,"Via Giorgio Giulini, 1, 20123 Milano MI, Italy"
LTE,222,1,11675,128021763,0,9.189376831,45.46760559,1000,1,1,1438018619,1438018619,0,"Via Giuseppe Verdi, 1, 20121 Milano MI, Italy"
LTE,222,1,11672,128152322,0,9.196243286,45.46348572,1000,1,1,1437048890,1437048890,0,"Via Verziere, 11, 20122 Milano MI, Italy"
LTE,222,1,11672,128314625,0,9.196243286,45.46348572,1000,1,1,1449968957,1449968957,0,"Via Verziere, 11, 20122 Milano MI, Italy"
LTE,222,1,11688,128048385,0,9.183883667,45.38795471,1000,1,1,1450771117,1450771117,0,"A50, 20089 Milano MI, Italy"
LTE,222,1,11672,128000257,0,9.200363159,45.47172546,1000,1,1,1451062398,1451062398,0,"Via Marina, 10A, 20121 Milano MI, Italy"
LTE,222,1,11672,128021762,0,9.189376831,45.47309875,1000,1,1,1445708332,1445708332,0,"20121, Via Fatebenefratelli, 8, Milano MI, Italy"
LTE,222,1,11672,128002818,0,9.182510376,45.46348572,1000,1,1,1442069261,1442069261,0,"Piazza Borromeo, 10, 20123 Milano MI, Italy"
LTE,222,1,11300,128230147,0,9.097366333,45.51429749,1000,1,1,1435932337,1435932337,0,"Cascina Merlata, Milano MI, Italy"
LTE,222,1,11300,128305409,0,9.101486206,45.51429749,1000,1,1,1444721815,1444721815,0,"Cascina Merlata, Milano MI, Italy"
LTE,222,1,11302,128243970,0,9.127578735,45.51017761,1000,1,1,1444650265,1444650265,0,"Via Giovanni Gentile, 3, 20157 Milano MI, Italy"
LTE,222,1,11302,128243969,0,9.126205444,45.51704407,1000,1,1,1444650265,1444650265,0,"Via Felice Orsini, 84, 20157 Milano MI, Italy"
LTE,222,1,11302,128153348,0,9.117965698,45.51567078,1000,1,1,1445399691,1445399691,0,"Via Privata Venezia Giulia, 5a, 20157 Milano MI, Italy"
LTE,222,1,11301,128258049,0,9.113845825,45.51292419,1000,1,1,1443104591,1443104591,0,"Via Giorgio Stephenson, 103, 20157 Milano MI, Italy"
LTE,222,1,11302,128003841,0,9.139938354,45.49507141,1000,1,1,1442806743,1442806743,0,"Viale Certosa, 121/C, 20151 Milano MI, Italy"
LTE,222,1,11302,128243972,0,9.124832153,45.51704407,1000,1,1,1444650288,1444650288,0,"A4 Torino - Trieste, 20157 Milano MI, Italy"
LTE,222,1,11302,128153345,0,9.126205444,45.51704407,1000,1,1,1444711033,1444711033,0,"Via Felice Orsini, 84, 20157 Milano MI, Italy"
LTE,222,1,11302,128153350,0,9.113845825,45.51567078,1000,1,1,1444721815,1444721815,0,"Zona Stephenson, Milano MI, Italy"
LTE,222,1,11484,128213761,0,9.150924683,45.45799255,1000,1,1,1433958181,1433958181,0,"V.le Misurata, 20146 Milano MI, Italy"
LTE,222,1,11484,128013313,0,9.152297974,45.45524597,1000,1,1,1433958181,1433958181,0,"Piazza Simone Bolivar, 4, 20146 Milano MI, Italy"
LTE,222,1,11303,128222983,0,9.152297974,45.51841736,1000,1,1,1441732496,1441732496,0,"Via Pietro Maffi, 12, 20157 Milano MI, Italy"
LTE,222,1,11303,128222984,0,9.148178101,45.50331116,1000,1,1,1443104542,1443104542,0,"Via Michele Pericle Negrotto, 16, 20156 Milano MI, Italy"
LTE,222,1,11604,128046599,0,9.14680481,45.40718079,1000,1,1,1433779617,1433779617,0,"Via Giovanni Paolo II Via Bazzana (Assago), 20090 Milano MI, Italy"
LTE,222,1,11620,128019459,0,9.109725952,45.45524597,1000,1,1,1446480204,1446480204,0,"Via Lucca, 28, 20152 Milano MI, Italy"
LTE,222,1,11620,128046849,0,9.075393677,45.46211243,1000,1,1,1436354804,1436354804,0,"Via S. Fermo, 10, 20153 Milano MI, Italy"
LTE,222,1,11612,128049671,0,9.13444519,45.50880432,1000,1,1,1436364991,1436364991,0,"Via Filippo Palizzi, 116, 20157 Milano MI, Italy"
LTE,222,1,11612,128163585,0,9.119338989,45.50193787,1000,1,1,1431005693,1431005693,0,"Via Gallarate, 140, 20151 Milano MI, Italy"
LTE,222,1,11616,128243717,0,9.249801636,45.50605774,1000,1,1,1434594271,1434594271,0,"Via Palmanova Via Valdo, 20132 Milano MI, Italy"
LTE,222,1,11612,128009219,0,9.133071899,45.51017761,1000,1,1,1431740687,1431740687,0,"Via Nicola Fabrizi, 8, 20157 Milano MI, Italy"
LTE,222,1,11612,128008963,0,9.145431519,45.47172546,1000,1,1,1438005373,1438005373,0,"Piazzale Brescia, 16, 20149 Milano MI, Italy"
LTE,222,1,11612,128225027,0,9.172897339,45.47584534,1000,1,1,1442244118,1442244118,0,"Via Agostino Bertani, 16, 20154 Milano MI, Italy"
LTE,222,1,11612,128003841,0,9.139938354,45.4964447,1000,1,1,1436306644,1436306644,0,"Via Ludovico di Breme, 2, 20156 Milano MI, Italy"
LTE,222,1,11612,128213000,0,9.128952026,45.46211243,1000,1,1,1435984081,1435984081,0,"Via Francesco Primaticcio, 200, 20147 Milano MI, Italy"
LTE,222,1,11620,128007170,0,9.074020386,45.43464661,1000,1,1,1432967023,1432967023,0,"A50, 20152 Milano MI, Italy"
LTE,222,1,11620,128165390,0,9.075393677,45.47584534,1000,1,1,1436354804,1436354804,0,"Via Gaetano Airaghi, 120/9, 20153 Milano MI, Italy"
LTE,222,1,11620,128233473,0,9.263534546,45.48683167,1000,1,1,1436321277,1436321277,0,"Via Piaggio, 20090 Milano MI, Italy"
LTE,222,1,11620,128211463,0,9.060287476,45.49507141,1000,1,1,1450353844,1450353844,0,"Str. Vicinale della Cornacchia, 69, 20153 Milano MI, Italy"
LTE,222,1,11620,128215811,0,9.124832153,45.44288635,1000,1,1,1447407922,1447407922,0,"Via Francesco Gonin 25/A/Torre, 20147 Milano MI, Italy"
LTE,222,1,11620,128215814,0,9.124832153,45.44563293,1000,1,1,1450619713,1450619713,0,"Via Lorenteggio, 219, 20147 Milano MI, Italy"
LTE,222,1,11620,128272132,0,9.131698608,45.45661926,1000,1,1,1446119337,1446119337,0,"Via Francesco Primaticcio, 140, 20147 Milano MI, Italy"
LTE,222,1,11620,128291586,0,9.109725952,45.46073914,1000,1,1,1442906894,1442906894,0,"Via delle Forze Armate, 234, 20152 Milano MI, Italy"
LTE,222,1,11620,128318465,0,9.100112915,45.45249939,1000,1,1,1450347693,1450347693,0,"Via Valsesia, 42, 20152 Milano MI, Italy"
LTE,222,1,11620,128265473,0,9.138565063,45.44563293,1000,1,1,1437687731,1437687731,0,"Alzaia Naviglio Grande, 196, 20146 Milano MI, Italy"
LTE,222,1,11689,128048385,0,9.185256958,45.38795471,1000,1,1,1441285921,1441285921,0,"A50, 20089 Milano MI, Italy"
LTE,222,1,11672,128314627,0,9.193496704,45.46485901,1000,1,1,1449968957,1449968957,0,"Corso Vittorio Emanuele II, 3, 20122 Milano MI, Italy"
LTE,222,1,11673,128262914,0,9.190750122,45.46485901,1000,1,1,1450620003,1450620003,0,"Via Ugo Foscolo, 2, 20121 Milano MI, Italy"
LTE,222,1,11672,128000265,0,9.196243286,45.46760559,1000,1,1,1447255997,1447255997,0,"Via Bagutta, 7, 20129 Milano MI, Italy"
LTE,222,1,11672,128314626,0,9.193496704,45.45936584,1000,1,1,1450525777,1450525777,0,"Largo Francesco Richini, 12, 20122 Milano MI, Italy"
LTE,222,1,11688,128152583,0,9.242935181,45.40855408,1000,1,1,1443535519,1443535519,0,"Via S. Bernardo, 25, 20139 Milano MI, Italy"
LTE,222,1,11672,128000264,0,9.205856323,45.46760559,1000,1,1,1446980717,1446980717,0,"Viale Bianca Maria, 49, 20122 Milano MI, Italy"
LTE,222,1,11672,128152321,0,9.193496704,45.46485901,1000,1,1,1442244118,1442244118,0,"Corso Vittorio Emanuele II, 3, 20122 Milano MI, Italy"
LTE,222,1,11688,128049410,0,9.203109741,45.39619446,1000,1,1,1450771117,1450771117,0,"Via Camporgnago, 40, 20090 Milano MI, Italy"
LTE,222,1,11672,128021763,0,9.189376831,45.46897888,1000,1,1,1449670703,1449670703,0,"Via Monte Di Pieta' Via Verdi, 20121 Milano MI, Italy"
LTE,222,1,11675,128033282,0,9.190750122,45.46760559,1000,1,1,1450494328,1450494328,0,"Via Alessandro Manzoni, 4, 20121 Milano MI, Italy"
LTE,222,1,11674,128002818,0,9.182510376,45.46348572,1000,1,1,1449766674,1449766674,0,"Piazza Borromeo, 10, 20123 Milano MI, Italy"
LTE,222,1,11673,128262915,0,9.183883667,45.46211243,1000,1,1,1449569315,1449569315,0,"Via S. Maurilio, 15, 20123 Milano MI, Italy"
LTE,222,1,11672,128021761,0,9.192123413,45.46897888,1000,1,1,1450021764,1450021764,0,"Montenapoleone, 20121 Milano MI, Italy"
LTE,222,1,11675,128033283,0,9.166030884,45.46760559,1000,1,1,1447307589,1447307589,0,"Piazza della Conciliazione, 5, 20123 Milano MI, Italy"
LTE,222,1,11675,128033281,0,9.181137085,45.47447205,1000,1,1,1447763784,1447763784,0,"Viale Gadio, 2, 20121 Milano MI, Italy"
LTE,222,1,11672,128003073,0,9.192123413,45.46485901,1000,1,1,1441591370,1441591370,0,"Via Santa Radegonda, 1, 20121 Milano MI, Italy"
LTE,222,1,11674,128003074,0,9.18800354,45.46348572,1000,1,1,1450412522,1450412522,0,"Via Torino, 8a, 20123 Milano MI, Italy"
LTE,222,1,11688,128049411,0,9.205856323,45.41404724,1000,1,1,1447695089,1447695089,0,"MILANO Ripamonti/Macconago (IEO), 20141 Milano MI, Italy"
LTE,222,1,11690,128245509,0,9.157791138,45.42228699,1000,1,1,1450664025,1450664025,0,"Via Giuseppe de Finetti, 6, 20142 Milano MI, Italy"
LTE,222,1,11691,128203015,0,9.194869995,45.44837952,1000,1,1,1440123259,1440123259,0,"Via Giovanni Bellezza, 17, 20136 Milano MI, Italy"
LTE,222,1,11690,128261123,0,9.175643921,45.41404724,1000,1,1,1438751454,1438751454,0,"Via dei Missaglia, 89, 20142 Milano MI, Italy"
LTE,222,1,11690,128245507,0,9.163284302,45.42915344,1000,1,1,1450664025,1450664025,0,"Via S. Paolino, 30, 20142 Milano MI, Italy"
LTE,222,1,11688,128307202,0,9.155044556,45.41816711,1000,1,1,1450707028,1450707028,0,"Autostrada dei Giovi, 20142 Milano MI, Italy"
LTE,222,1,11672,128320001,0,9.190750122,45.46348572,1000,1,1,1450620003,1450620003,0,"Piazza del Duomo, 6, 20122 Milano MI, Italy"
LTE,222,1,11673,128262913,0,9.186630249,45.4662323,1000,1,1,1448787721,1448787721,0,"Via Bassano Porrone, 8, 20121 Milano MI, Italy"
LTE,222,1,11672,128033282,0,9.190750122,45.4662323,1000,1,1,1442244118,1442244118,0,"Via Tommaso Marino, 5, 20121 Milano MI, Italy"
LTE,222,1,11691,128275205,0,9.198989868,45.42503357,1000,1,1,1450336447,1450336447,0,"Via Fra Riccardo Pampuri, 13, 20141 Milano MI, Italy"
LTE,222,1,11672,128033281,0,9.183883667,45.47172546,1000,1,1,1441522784,1441522784,0,"Via Mercato, 5, 20121 Milano MI, Italy"
LTE,222,1,11672,128000263,0,9.198989868,45.47035217,1000,1,1,1449236018,1449236018,0,"Via S. Primo, 6, 20100 Milano MI, Italy"
LTE,222,1,11690,128031233,0,9.177017212,45.42228699,1000,1,1,1437797101,1437797101,0,"Via dei Missaglia, 59, 20142 Milano MI, Italy"
LTE,222,1,11690,128245510,0,9.163284302,45.42915344,1000,1,1,1450620264,1450620264,0,"Via S. Paolino, 30, 20142 Milano MI, Italy"
LTE,222,1,11673,128152322,0,9.194869995,45.46073914,1000,1,1,1450361062,1450361062,0,"Via Festa del Perdono, 5, 20122 Milano MI, Italy"
LTE,222,1,11673,128152321,0,9.190750122,45.46485901,1000,1,1,1450866702,1450866702,0,"Via Ugo Foscolo, 2, 20121 Milano MI, Italy"
LTE,222,1,11672,128000258,0,9.203109741,45.4662323,1000,1,1,1451062398,1451062398,0,"Via Conservatorio, 30, 20122 Milano MI, Italy"
LTE,222,1,11675,128021761,0,9.192123413,45.46897888,1000,1,1,1442384494,1442384494,0,"Montenapoleone, 20121 Milano MI, Italy"
LTE,222,1,11672,128000259,0,9.196243286,45.4662323,1000,1,1,1450693989,1450693989,0,"Piazza S. Carlo, 1A, 20122 Milano MI, Italy"
LTE,222,1,11674,128002817,0,9.182510376,45.4662323,1000,1,1,1449766674,1449766674,0,"Via Giorgio Giulini, 1, 20123 Milano MI, Italy"
LTE,222,1,11691,128275206,0,9.196243286,45.42640686,1000,1,1,1447695089,1447695089,0,"Via Virgilio Ferrari, 20141 Milano MI, Italy"
LTE,222,1,11691,128203016,0,9.205856323,45.41954041,1000,1,1,1449857216,1449857216,0,"Via Giuseppe Ripamonti, 367, 20141 Milano MI, Italy"
LTE,222,1,11690,128031235,0,9.149551392,45.41542053,1000,1,1,1450664025,1450664025,0,"Unnamed Road, 20142, 20142 Milano MI, Italy"
LTE,222,1,11690,128245508,0,9.182510376,45.43190002,1000,1,1,1437797101,1437797101,0,"PAM Medeghino, Via Medeghino 11, 20141 Milano MI, Italy"
LTE,222,1,11690,128261126,0,9.175643921,45.41404724,1000,1,1,1437797101,1437797101,0,"Via dei Missaglia, 89, 20142 Milano MI, Italy"
LTE,222,1,11691,128203011,0,9.192123413,45.43190002,1000,1,1,1447695089,1447695089,0,"Via Campazzino, 47, 20141 Milano MI, Italy"
LTE,222,1,11674,128003073,0,9.189376831,45.46485901,1000,1,1,1450866702,1450866702,0,"Piazza del Duomo, 19a, 20121 Milano MI, Italy"
LTE,222,1,11675,128021762,0,9.190750122,45.46760559,1000,1,1,1441522784,1441522784,0,"Via Alessandro Manzoni, 4, 20121 Milano MI, Italy"
LTE,222,1,11691,128203010,0,9.20173645,45.43052673,1000,1,1,1450092562,1450092562,0,"Via Giuseppe Ripamonti, 212, 20141 Milano MI, Italy"
LTE,222,1,11690,128261125,0,9.17427063,45.40306091,1000,1,1,1437797101,1437797101,0,"Via dei Missaglia, 7006, 20142 Milano MI, Italy"
LTE,222,1,11691,128203009,0,9.198989868,45.43464661,1000,1,1,1449943664,1449943664,0,"Via Adelaide Coari, 11, 20141 Milano MI, Italy"
LTE,222,1,11690,128031241,0,9.153671265,45.41542053,1000,1,1,1446795711,1446795711,0,"Strada Provinciale 184, 20142 Milano MI, Italy"
LTE,222,1,11691,128275204,0,9.196243286,45.42915344,1000,1,1,1449677911,1449677911,0,"Via Zanetto Bugatto, 6, 20141 Milano MI, Italy"
LTE,222,1,11689,128174339,0,9.149551392,45.40992737,1000,1,1,1450664025,1450664025,0,"Via del Bosco Rinnovato, 6, 20090 Milano MI, Italy"
LTE,222,1,24271,128036098,0,9.150924683,45.48545837,1000,1,1,1465702564,1465702564,0,"Via Gattamelata, 38, 20149 Milano MI, Italy"
LTE,222,1,61225,80284929,0,9.252548218,45.47172546,1000,1,1,1470238296,1470238296,0,"Via Arcangelo Corelli, 36, 20134 Milano MI, Italy"
LTE,222,1,10916,128376833,0,9.18457,45.477219,1000,2,1,1477608344,1482938505,0,"Corso Garibaldi, 86, 20121 Milano MI, Italy"
LTE,222,1,10949,128308229,0,9.256668091,45.45249939,1000,1,1,1480073605,1480073605,0,"Str. C - C.A.M.M., 28, 20138 Milano MI, Italy"
LTE,222,1,10919,128005383,0,9.151382,45.43602,1000,3,1,1481939656,1483171022,0,"Via Lago di Nemi, 23, 20142 Milano MI, Italy"
LTE,222,1,24272,128286210,0,9.148178101,45.49369812,1000,1,1,1487814380,1487814380,0,"Via Tavazzano, 12, 20156 Milano MI, Italy"
LTE,222,1,9029,128049665,0,9.131698608,45.4964447,1000,1,1,1444908907,1444908907,0,"Via Magreglio, 3, 20151 Milano MI, Italy"
LTE,222,1,9029,128049671,0,9.139938354,45.50056458,1000,1,1,1444917070,1444917070,0,"Piazzale Santorre di Santarosa, 4, 20156 Milano MI, Italy"
LTE,222,1,9029,128049667,0,9.111099243,45.4964447,1000,1,1,1444847589,1444847589,0,"Via Giacomo Quarenghi, 23, 20151 Milano MI, Italy"
LTE,222,1,9009,128035075,0,9.166030884,45.46073914,1000,1,1,1430234786,1430234786,0,"Viale Papiniano, 12, 20123 Milano MI, Italy"
LTE,222,1,9009,128007939,0,9.137191772,45.49232483,1000,1,1,1444908907,1444908907,0,"Via Francesco de Lemene, 37, 20151 Milano MI, Italy"
LTE,222,1,9009,128014338,0,9.172897339,45.46073914,1000,1,1,1450187934,1450187934,0,"Via Olona, 7, 20123 Milano MI, Italy"
LTE,222,1,9009,128005121,0,9.163284302,45.48271179,1000,1,1,1445672859,1445672859,0,"Via Angelo Poliziano, 1, 20154 Milano MI, Italy"
LTE,222,1,9009,128034817,0,9.145431519,45.48545837,1000,1,1,1444908907,1444908907,0,"Via Ignazio Gardella, 20149 Milano MI, Italy"
LTE,222,1,9009,128042753,0,9.153671265,45.48408508,1000,1,1,1448880335,1448880335,0,"Via Luigi Giuseppe Faravelli, 16, 20149 Milano MI, Italy"
LTE,222,1,9025,128233475,0,9.252548218,45.47172546,1000,1,1,1434042922,1434042922,0,"Via Arcangelo Corelli, 36, 20134 Milano MI, Italy"
LTE,222,1,9009,128022529,0,9.166030884,45.46760559,1000,1,1,1427788496,1427788496,0,"Piazza della Conciliazione, 5, 20123 Milano MI, Italy"
LTE,222,1,9009,128022530,0,9.167404175,45.45661926,1000,1,1,1429441966,1429441966,0,"Via Andrea Solari, 7, 20144 Milano MI, Italy"
LTE,222,1,9009,128201986,0,9.161911011,45.4964447,1000,1,1,1444908907,1444908907,0,"Cavalcavia Adriano Bacula, Milano MI, Italy"
LTE,222,1,9137,128036098,0,9.141311646,45.48957825,1000,1,1,1444917070,1444917070,0,"Viale Achille Papa, 30, 20159 Milano MI, Italy"
LTE,222,1,9137,128153350,0,9.115219116,45.51567078,1000,1,1,1444908907,1444908907,0,"A4 Torino - Trieste, 20157 Milano MI, Italy"
LTE,222,1,9137,128222979,0,9.130325317,45.50193787,1000,1,1,1444908907,1444908907,0,"Via del Ghisallo P.le ai Laghi, 20156 Milano MI, Italy"
LTE,222,1,9137,128243974,0,9.123458862,45.51292419,1000,1,1,1444908907,1444908907,0,"Via Giorgio Stephenson, 76, 20157 Milano MI, Italy"
LTE,222,1,9137,128291078,0,9.13444519,45.50468445,1000,1,1,1444917070,1444917070,0,"Via Angelo Brunetti, 13, 20156 Milano MI, Italy"
LTE,222,1,9137,128305409,0,9.101486206,45.51429749,1000,1,1,1444761374,1444761374,0,"Cascina Merlata, Milano MI, Italy"
LTE,222,1,9137,128258053,0,9.130325317,45.49781799,1000,1,1,1444908907,1444908907,0,"Via Gallarate, 139, 20151 Milano MI, Italy"
LTE,222,1,9137,128243970,0,9.128952026,45.51017761,1000,1,1,1444908907,1444908907,0,"Via Giovanni Gentile, 1, 20157 Milano MI, Italy"
LTE,222,1,10756,128152321,0,9.190750122,45.46485901,1000,1,1,1435771316,1435771316,0,"Via Ugo Foscolo, 2, 20121 Milano MI, Italy"
LTE,222,1,10757,128083457,0,9.186630249,45.4662323,1000,1,1,1448881434,1448881434,0,"Via Bassano Porrone, 8, 20121 Milano MI, Italy"
LTE,222,1,10820,128013313,0,9.155044556,45.45387268,1000,1,1,1429287942,1429287942,0,"Piazza Napoli, 11, 20146 Milano MI, Italy"
LTE,222,1,10852,128201986,0,9.161911011,45.4964447,1000,1,1,1428676302,1428676302,0,"Cavalcavia Adriano Bacula, Milano MI, Italy"
LTE,222,1,10884,128228611,0,9.24156189,45.46073914,1000,1,1,1429057645,1429057645,0,"Via Decorati Al Valor Civile, 10, 20138 Milano MI, Italy"
LTE,222,1,10917,128273411,0,9.189376831,45.46760559,1000,1,1,1438018619,1438018619,0,"Via Giuseppe Verdi, 1, 20121 Milano MI, Italy"
LTE,222,1,10756,128003073,0,9.190750122,45.46485901,1000,1,1,1435771316,1435771316,0,"Via Ugo Foscolo, 2, 20121 Milano MI, Italy"
LTE,222,1,10756,128051469,0,9.186630249,45.4662323,1000,1,1,1421760334,1421760334,0,"Via Bassano Porrone, 8, 20121 Milano MI, Italy"
LTE,222,1,10756,128083457,0,9.189376831,45.46485901,1000,1,1,1422029942,1422029942,0,"Piazza del Duomo, 19a, 20121 Milano MI, Italy"
LTE,222,1,10756,128000259,0,9.196243286,45.4662323,1000,1,1,1436011590,1436011590,0,"Piazza S. Carlo, 1A, 20122 Milano MI, Italy"
LTE,222,1,10756,128021761,0,9.192123413,45.46897888,1000,1,1,1435627923,1435627923,0,"Montenapoleone, 20121 Milano MI, Italy"
LTE,222,1,10788,128000515,0,9.124832153,45.44563293,1000,1,1,1426519989,1426519989,0,"Via Lorenteggio, 219, 20147 Milano MI, Italy"
LTE,222,1,10757,128262915,0,9.183883667,45.46211243,1000,1,1,1437375269,1437375269,0,"Via S. Maurilio, 15, 20123 Milano MI, Italy"
LTE,222,1,10916,128013827,0,9.183883667,45.47172546,1000,1,1,1435627923,1435627923,0,"Via Mercato, 5, 20121 Milano MI, Italy"
LTE,222,1,10916,128208641,0,9.183883667,45.46211243,1000,1,1,1436177954,1436177954,0,"Via S. Maurilio, 15, 20123 Milano MI, Italy"
LTE,222,1,10916,128217871,0,9.179763794,45.46760559,1000,1,1,1435311268,1435311268,0,"Foro Buonaparte, 61, 20121 Milano MI, Italy"
LTE,222,1,10917,128051201,0,9.18457,45.477219,1000,2,1,1458880465,1466600839,0,"Corso Garibaldi, 86, 20121 Milano MI, Italy"
LTE,222,1,10756,128178189,0,9.177017212,45.4662323,1000,1,1,1453912702,1453912702,0,"Via San Nicolao, 2, 20123 Milano MI, Italy"
LTE,222,1,10788,128215811,0,9.123458862,45.44563293,1000,1,1,1426519989,1426519989,0,"Via Lorenteggio, 219, 20147 Milano MI, Italy"
LTE,222,1,10788,128221193,0,9.124832153,45.44288635,1000,1,1,1429237561,1429237561,0,"Via Francesco Gonin 25/A/Torre, 20147 Milano MI, Italy"
LTE,222,1,10759,128082691,0,9.189376831,45.46485901,1000,1,1,1452263364,1452263364,0,"Piazza del Duomo, 19a, 20121 Milano MI, Italy"
LTE,222,1,10853,128001027,0,9.189376831,45.50331116,1000,1,1,1436236048,1436236048,0,"Via Benefattori dell'Ospedale, 84, 20159 Milano MI, Italy"
LTE,222,1,10917,128273413,0,9.183883667,45.47172546,1000,1,1,1440177631,1440177631,0,"Via Mercato, 5, 20121 Milano MI, Italy"
LTE,222,1,10917,128273414,0,9.183883667,45.47172546,1000,1,1,1442384494,1442384494,0,"Via Mercato, 5, 20121 Milano MI, Italy"
LTE,222,1,10919,128022787,0,9.138565063,45.44563293,1000,1,1,1442119312,1442119312,0,"Alzaia Naviglio Grande, 196, 20146 Milano MI, Italy"
LTE,222,1,10756,128262914,0,9.18800354,45.46348572,1000,1,1,1435311268,1435311268,0,"Via Torino, 8a, 20123 Milano MI, Italy"
LTE,222,1,10852,128001027,0,9.189376831,45.50331116,1000,1,1,1450494326,1450494326,0,"Via Benefattori dell'Ospedale, 84, 20159 Milano MI, Italy"
LTE,222,1,10788,128055047,0,9.076766968,45.48545837,1000,1,1,1429229208,1429229208,0,"SPexSS11, 20153 Milano MI, Italy"
LTE,222,1,10852,128007937,0,9.150924683,45.49919128,1000,1,1,1429266739,1429266739,0,"Via Grosseto, 1, 20156 Milano MI, Italy"
LTE,222,1,10885,128272643,0,9.252548218,45.46211243,1000,1,1,1438047604,1438047604,0,"Viale Enrico Forlanini, 75, 20134 Milano MI, Italy"
LTE,222,1,10916,128022787,0,9.138565063,45.44563293,1000,1,1,1436228462,1436228462,0,"Alzaia Naviglio Grande, 196, 20146 Milano MI, Italy"
LTE,222,1,10916,128203010,0,9.20173645,45.43052673,1000,1,1,1451921179,1451921179,0,"Via Giuseppe Ripamonti, 212, 20141 Milano MI, Italy"
LTE,222,1,10919,128039939,0,9.138412,45.45784,1000,9,1,1458880467,1482137619,0,"Via Bartolomeo D'Alviano, 51, 20146 Milano MI, Italy"
LTE,222,1,10948,128243969,0,9.127578735,45.51017761,1000,1,1,1435909326,1435909326,0,"Via Giovanni Gentile, 3, 20157 Milano MI, Italy"
LTE,222,1,10948,128220430,0,9.119338989,45.51567078,1000,1,1,1432534948,1432534948,0,"A4 Torino - Trieste, 20157 Milano MI, Italy"
LTE,222,1,10756,128262915,0,9.183883667,45.46211243,1000,1,1,1436160249,1436160249,0,"Via S. Maurilio, 15, 20123 Milano MI, Italy"
LTE,222,1,10820,128213000,0,9.128952026,45.46211243,1000,1,1,1431555042,1431555042,0,"Via Francesco Primaticcio, 200, 20147 Milano MI, Italy"
LTE,222,1,10852,128000771,0,9.156417847,45.49232483,1000,1,1,1428990936,1428990936,0,"Via Valcava, 6, 20155 Milano MI, Italy"
LTE,222,1,10919,128217869,0,9.181137,45.469322,1000,4,1,1458880467,1473750521,0,"Piazza Castello, 20121 Milano MI, Italy"
LTE,222,1,10948,128222978,0,9.148178101,45.50468445,1000,1,1,1423281475,1423281475,0,"Via Michele Pericle Negrotto, 52, 20157 Milano MI, Italy"
LTE,222,1,10759,128051469,0,9.186630249,45.4662323,1000,1,1,1440177633,1440177633,0,"Via Bassano Porrone, 8, 20121 Milano MI, Italy"
LTE,222,1,10884,128048897,0,9.18800354,45.50193787,1000,1,1,1435909480,1435909480,0,"Via Valassina, 45, 20159 Milano MI, Italy"
LTE,222,1,10916,80551839,0,9.166030884,45.45661926,1000,1,1,1428324414,1428324414,0,"Via Montevideo, 20144 Milano MI, Italy"
LTE,222,1,10918,128315650,0,9.240189,45.460739,1000,20,1,1458880466,1481895795,0,"Via Decorati Al Valor Civile, 10, 20138 Milano MI, Italy"
LTE,222,1,10948,128243972,0,9.124832153,45.51704407,1000,1,1,1436112417,1436112417,0,"A4 Torino - Trieste, 20157 Milano MI, Italy"
LTE,222,1,10948,128222984,0,9.148178101,45.50468445,1000,1,1,1423281475,1423281475,0,"Via Michele Pericle Negrotto, 52, 20157 Milano MI, Italy"
LTE,222,1,10980,128245509,0,9.157791138,45.42228699,1000,1,1,1435300579,1435300579,0,"Via Giuseppe de Finetti, 6, 20142 Milano MI, Italy"
LTE,222,1,10949,128153346,0,9.102859497,45.51429749,1000,1,1,1423141003,1423141003,0,"Cascina Merlata, Milano MI, Italy"
LTE,222,1,10950,128009987,0,9.159164429,45.51292419,1000,1,1,1435622345,1435622345,0,"Via Bovisasca, 125, 20157 Milano MI, Italy"
LTE,222,1,10950,128243972,0,9.124832153,45.51704407,1000,1,1,1442312564,1442312564,0,"A4 Torino - Trieste, 20157 Milano MI, Italy"
LTE,222,1,10950,128049666,0,9.128952026,45.49507141,1000,1,1,1423583586,1423583586,0,"Via Fabrizio Quattrocchi, 22, 20151 Milano MI, Italy"
LTE,222,1,10950,128243973,0,9.127578735,45.51017761,1000,1,1,1442312564,1442312564,0,"Via Giovanni Gentile, 3, 20157 Milano MI, Italy"
LTE,222,1,10980,128018690,0,9.205856323,45.41404724,1000,1,1,1435163293,1435163293,0,"MILANO Ripamonti/Macconago (IEO), 20141 Milano MI, Italy"
LTE,222,1,10980,128245507,0,9.163284302,45.42915344,1000,1,1,1435989785,1435989785,0,"Via S. Paolino, 30, 20142 Milano MI, Italy"
LTE,222,1,10949,128004097,0,9.17427063,45.52116394,1000,1,1,1442215668,1442215668,0,"Via Iseo, 10, 20161 Milano MI, Italy"
LTE,222,1,10980,128049411,0,9.205856323,45.41404724,1000,1,1,1437331173,1437331173,0,"MILANO Ripamonti/Macconago (IEO), 20141 Milano MI, Italy"
LTE,222,1,10980,128174339,0,9.149551392,45.40992737,1000,1,1,1435622681,1435622681,0,"Via del Bosco Rinnovato, 6, 20090 Milano MI, Italy"
LTE,222,1,10950,128243971,0,9.123458862,45.51292419,1000,1,1,1440229184,1440229184,0,"Via Giorgio Stephenson, 76, 20157 Milano MI, Italy"
LTE,222,1,24673,128314625,0,9.196243286,45.46348572,1000,10,1,1458927002,1479179962,0,"Via Verziere, 11, 20122 Milano MI, Italy"
LTE,222,1,24673,128021762,0,9.189376831,45.46760559,1000,1,1,1452531443,1452531443,0,"Via Giuseppe Verdi, 1, 20121 Milano MI, Italy"
LTE,222,1,24689,128049411,0,9.204483,45.419223,1000,13,1,1458927003,1487564022,0,"Via Giuseppe Ripamonti, 367, 20141 Milano MI, Italy"
LTE,222,1,24691,128245509,0,9.158627,45.422406,1000,23,1,1458927003,1483448484,0,"Autostrada dei Giovi, 20142 Milano MI, Italy"
LTE,222,1,24692,128203010,0,9.20173645,45.43052673,1000,21,1,1458927003,1475580923,0,"Via Giuseppe Ripamonti, 212, 20141 Milano MI, Italy"
LTE,222,1,24692,128203016,0,9.20173645,45.43052673,1000,2,1,1458927003,1462407016,0,"Via Giuseppe Ripamonti, 212, 20141 Milano MI, Italy"
LTE,222,1,24674,128314627,0,9.192123413,45.46485901,1000,11,1,1458927002,1483021700,0,"Via Santa Radegonda, 1, 20121 Milano MI, Italy"
LTE,222,1,24690,128174339,0,9.149501,45.409826,1000,27,1,1458927003,1484665923,0,"Via del Bosco Rinnovato, 6, 20090 Milano MI, Italy"
LTE,222,1,24676,128021761,0,9.189376831,45.46897888,1000,11,1,1458927002,1491284545,0,"Via Monte Di Pieta' Via Verdi, 20121 Milano MI, Italy"
LTE,222,1,24689,128307202,0,9.155044556,45.41816711,1000,1,1,1452642924,1452642924,0,"Autostrada dei Giovi, 20142 Milano MI, Italy"
LTE,222,1,24269,128034825,0,9.149277,45.482712,1000,5,1,1458955640,1471478870,0,"Milan, Fiera Milano CIty (Viale Teodorico), 20149 Milano MI, Italy"
LTE,222,1,24301,128242434,0,9.10697937,45.50468445,1000,1,1,1446598245,1446598245,0,"Via Gallarate, 392, 20151 Milano MI, Italy"
LTE,222,1,24301,128222984,0,9.148178101,45.50331116,1000,1,1,1450525777,1450525777,0,"Via Michele Pericle Negrotto, 16, 20156 Milano MI, Italy"
LTE,222,1,24269,128014339,0,9.139938354,45.48957825,1000,1,1,1450465530,1450465530,0,"Viale Achille Papa, 30, 20129 Milano MI, Italy"
LTE,222,1,24269,128036866,0,9.162223,45.49632,1000,22,1,1458955640,1478871625,0,"Cavalcavia Adriano Bacula, Milano MI, Italy"
LTE,222,1,24269,128042753,0,9.149551392,45.48271179,1000,1,1,1452787827,1452787827,0,"Milan, Fiera Milano CIty (Viale Teodorico), 20149 Milano MI, Italy"
LTE,222,1,24269,128036610,0,9.16053772,45.48683167,1000,1,1,1453394995,1453394995,0,"Via Ezio Biondi, 6, 20154 Milano MI, Italy"
LTE,222,1,24271,128286465,0,9.144058228,45.48271179,1000,1,1,1453132888,1453132888,0,"Piazza Carlo Stuparich, 4, 20148 Milano MI, Italy"
LTE,222,1,24271,128269313,0,9.164486,45.461597,1000,8,1,1458955641,1482115493,0,"Viale S. Michele del Carso, 25, 20144 Milano MI, Italy"
LTE,222,1,24272,128082179,0,9.150924683,45.47447205,1000,1,1,1456342023,1456342023,0,"Via Monte Bianco, 2, 20149 Milano MI, Italy"
LTE,222,1,24301,128049670,0,9.111099243,45.4964447,1000,1,1,1447636130,1447636130,0,"Via Giacomo Quarenghi, 23, 20151 Milano MI, Italy"
LTE,222,1,24301,128305409,0,9.101486206,45.51429749,1000,51,1,1458955642,1482372287,0,"Cascina Merlata, Milano MI, Italy"
LTE,222,1,24269,128286212,0,9.150924683,45.49919128,1000,2,1,1458955640,1476767635,0,"Via Grosseto, 1, 20156 Milano MI, Italy"
LTE,222,1,24269,128286214,0,9.139938354,45.49095154,1000,10,1,1458955641,1481597196,0,"Tunnel Gattamelata, 20151 Milano MI, Italy"
LTE,222,1,24304,128049668,0,9.130325,45.494385,1000,14,1,1458955644,1481642499,0,"Viale Alcide de Gasperi, 4, 20151 Milano MI, Italy"
LTE,222,1,24303,128229122,0,9.115032,45.515671,1000,22,1,1458955643,1474102125,0,"A4 Torino - Trieste, 20157 Milano MI, Italy"
LTE,222,1,24304,128243203,0,9.06578064,45.49781799,1000,1,1,1448216104,1448216104,0,"SPexSS11, 20153 Milano MI, Italy"
LTE,222,1,24621,128234242,0,9.123458862,45.44563293,1000,19,1,1458955646,1486650979,0,"Via Lorenteggio, 219, 20147 Milano MI, Italy"
LTE,222,1,24269,128201987,0,9.155044556,45.49781799,1000,1,1,1452307815,1452307815,0,"Via Ercolano, 3, 20155 Milano MI, Italy"
LTE,222,1,24269,128034818,0,9.152297974,45.47859192,1000,1,1,1452790113,1452790113,0,"Viale Eginardo, 3, 20149 Milano MI, Italy"
LTE,222,1,24269,128036872,0,9.162025,45.496445,1000,12,1,1458955640,1476062998,0,"Cavalcavia Adriano Bacula, Milano MI, Italy"
LTE,222,1,24270,128278533,0,9.153585,45.473099,1000,16,1,1458955641,1483285268,0,"Piazzale Giulio Cesare, 9, 20145 Milano MI, Italy"
LTE,222,1,24270,128048899,0,9.164657593,45.4813385,1000,5,1,1458955641,1480046420,0,"Corso Sempione, 41, 20145 Milano MI, Italy"
LTE,222,1,24301,128222978,0,9.145431519,45.50193787,1000,1,1,1452307815,1452307815,0,"Via C. Marcello (Villapizzone), 20156 Milano MI, Italy"
LTE,222,1,24301,128231170,0,9.095993042,45.51841736,1000,1,1,1450081769,1450081769,0,"Unnamed Road, 20157 Milano MI, Italy"
LTE,222,1,24301,128230658,0,9.098705,45.514297,1000,40,1,1458955642,1482372287,0,"Cascina Merlata, Milano MI, Italy"
LTE,222,1,24301,128242433,0,9.10697937,45.51292419,1000,1,1,1446480204,1446480204,0,"Via Triboniano, 242, 20157 Milano MI, Italy"
LTE,222,1,24303,128220430,0,9.115219116,45.51567078,1000,6,1,1458955643,1461662506,0,"A4 Torino - Trieste, 20157 Milano MI, Italy"
LTE,222,1,24270,128257029,0,9.172897339,45.48408508,1000,3,1,1458955641,1481905341,0,"Via Giulio Cesare Procaccini, 18, 20154 Milano MI, Italy"
LTE,222,1,24270,128257025,0,9.175643921,45.48545837,1000,5,1,1458955641,1482169234,0,"Via Luigi Nono, 1, 20154 Milano MI, Italy"
LTE,222,1,24301,128049668,0,9.131698608,45.49507141,1000,1,1,1452531443,1452531443,0,"Via Inverigo, 14, 20151 Milano MI, Italy"
LTE,222,1,24301,128222977,0,9.150924683,45.51017761,1000,1,1,1452531436,1452531436,0,"Via Dante Chiasserini, 101, 20157 Milano MI, Italy"
LTE,222,1,24301,128220163,0,9.10697937,45.51979065,1000,1,1,1445747183,1445747183,0,"Cardo, 20157 Milano MI, Italy"
LTE,222,1,24272,128269061,0,9.15214,45.509544,1000,26,1,1458955642,1491494796,0,"Via Dante Chiasserini, 101, 20157 Milano MI, Italy"
LTE,222,1,24304,128049671,0,9.1306,45.493698,1000,10,1,1458955644,1483285268,0,"Viale Alcide de Gasperi, 4, 20151 Milano MI, Italy"
LTE,222,1,24303,128243969,0,9.124832,45.516977,1000,41,1,1458955643,1482372287,0,"A4 Torino - Trieste, 20157 Milano MI, Italy"
LTE,222,1,24303,128291078,0,9.130325317,45.50468445,1000,7,1,1458955643,1481691311,0,"Via Sapri, 64, 20156 Milano MI, Italy"
LTE,222,1,24272,128005123,0,9.165802,45.467606,1000,6,1,1458955641,1481771263,0,"Piazza della Conciliazione, 5, 20123 Milano MI, Italy"
LTE,222,1,24271,128013315,0,9.148428,45.461863,1000,11,1,1458955641,1482343509,0,"Viale Ergisto Bezzi, 73, 20146 Milano MI, Italy"
LTE,222,1,24301,128231169,0,9.101486206,45.52116394,1000,1,1,1446178240,1446178240,0,"Viale 15, 20157 Milano MI, Italy"
LTE,222,1,24302,128230145,0,9.116487,45.515671,1000,13,1,1458955643,1474102125,0,"A4 Torino - Trieste, 20157 Milano MI, Italy"
LTE,222,1,24302,128258051,0,9.12241,45.497216,1000,9,1,1458955643,1506178406,0,"Via Sem Benelli, 12, 20151 Milano MI, Italy"
LTE,222,1,24304,128161537,0,9.067126,45.498065,1000,50,1,1458955644,1483206959,0,"SPexSS11, 20153 Milano MI, Italy"
LTE,222,1,24303,128220431,0,9.10697937,45.51979065,1000,1,1,1445399607,1445399607,0,"Cardo, 20157 Milano MI, Italy"
LTE,222,1,24621,128215811,0,9.124832,45.443129,1000,17,1,1458955646,1491356808,0,"Via Francesco Gonin 25/A/Torre, 20147 Milano MI, Italy"
LTE,222,1,24621,128353794,0,9.076767,45.466099,1000,31,1,1458955646,1476629655,0,"Via Budrio, 44, 20153 Milano MI, Italy"
LTE,222,1,24622,128046849,0,9.075654,45.462776,2454,36,1,1458955646,1533567936,0,"Via Seguro, 111, 20153 Milano MI, Italy"
LTE,222,1,24622,128055043,0,9.076766968,45.46211243,1000,39,1,1458955646,1492102571,0,"Via Seguro, 111, 20153 Milano MI, Italy"
LTE,222,1,24301,128222985,0,9.130325317,45.50605774,1000,1,1,1452251599,1452251599,0,"Via Alassio, 10, 20156 Milano MI, Italy"
LTE,222,1,24301,128049665,0,9.131698608,45.49507141,1000,1,1,1453037276,1453037276,0,"Via Inverigo, 14, 20151 Milano MI, Italy"
LTE,222,1,24303,128256259,0,9.127425,45.508876,1000,10,1,1458955643,1540536255,0,"Via Giovanni Gentile, 3, 20157 Milano MI, Italy"
LTE,222,1,24303,128291075,0,9.133987,45.504799,1000,12,1,1458955643,1482372287,0,"Via Angelo Brunetti, 13, 20156 Milano MI, Italy"
LTE,222,1,24303,128220429,0,9.113845825,45.51567078,1000,2,1,1458955643,1459513202,0,"Zona Stephenson, Milano MI, Italy"
LTE,222,1,24304,128161549,0,9.067062,45.496353,1000,15,1,1458955644,1482513480,0,"A50, 20153 Milano MI, Italy"
LTE,222,1,24304,128222978,0,9.14772,45.503311,1000,3,1,1458955644,1469536564,0,"Via Michele Pericle Negrotto, 31, 20157 Milano MI, Italy"
LTE,222,1,24621,128318467,0,9.091873169,45.45387268,1000,5,1,1458955646,1482336290,0,"Via Benozzo Gozzoli, 93, 20152 Milano MI, Italy"
LTE,222,1,24622,128046856,0,9.076532,45.448026,1000,35,1,1458955646,1484406868,0,"A50, 20152 Milano MI, Italy"
LTE,222,1,24622,128055049,0,9.075394,45.461512,1000,16,1,1458955646,1491057257,0,"Via Seguro, 111, 20153 Milano MI, Italy"
LTE,222,1,24303,128243972,0,9.124034,45.517044,1000,86,1,1458955643,1483708604,0,"A4 Torino - Trieste, 20157 Milano MI, Italy"
LTE,222,1,24303,128153345,0,9.124861,45.517278,1000,47,1,1458955643,1482132993,0,"A4 Torino - Trieste, 20157 Milano MI, Italy"
LTE,222,1,24303,128256258,0,9.1329,45.507259,1000,8,1,1458955643,1481719505,0,"Via Antonio Mambretti, 9, 20157 Milano MI, Italy"
LTE,222,1,24304,128222985,0,9.130497,45.506058,1000,8,1,1458955644,1480686239,0,"Via Alassio, 10, 20156 Milano MI, Italy"
LTE,222,1,24303,128153350,0,9.113845825,45.51567078,1000,56,1,1458955643,1483708604,0,"Zona Stephenson, Milano MI, Italy"
LTE,222,1,24269,128358402,0,9.150924683,45.47447205,1000,22,1,1460434339,1492020140,0,"Via Monte Bianco, 2, 20149 Milano MI, Italy"
LTE,222,1,24269,128335874,0,9.167404175,45.47584534,1000,11,1,1460449317,1491371043,0,"Via Abbondio Sangiorgio, 12, 20145 Milano MI, Italy"
LTE,222,1,24302,128036097,0,9.130234,45.503128,1000,15,1,1458955642,1490635221,0,"Via Sapri, 64, 20156 Milano MI, Italy"
LTE,222,1,24301,128337154,0,9.132077,45.50459,1000,29,1,1461373256,1482652861,0,"Via Angelo Brunetti, 21, 20156 Milano MI, Italy"
LTE,222,1,24302,128230150,0,9.104233,45.514469,1000,8,1,1458955643,1483798393,0,"Via Triboniano, 20157 Milano MI, Italy"
LTE,222,1,24269,128312065,0,9.18800354,45.50193787,1000,1,1,1462799733,1462799733,0,"Via Valassina, 45, 20159 Milano MI, Italy"
LTE,222,1,24269,80563654,0,9.175643921,45.46897888,1000,1,1,1463418842,1463418842,0,"Via Pietro Paleocapa, 3, 20123 Milano MI, Italy"
LTE,222,1,24692,128275201,0,9.196243286,45.42778015,1000,1,1,1463418591,1463418591,0,"Via Virgilio Ferrari, 20141 Milano MI, Italy"
LTE,222,1,10918,128333313,0,9.206053,45.467409,1000,21,1,1464336166,1484637836,0,"Viale Bianca Maria, 49, 20122 Milano MI, Italy"
LTE,222,1,10950,128004097,0,9.173927,45.521164,1000,8,1,1458880468,1477447190,0,"Via Iseo, 10, 20161 Milano MI, Italy"
LTE,222,1,24624,128215810,0,9.124008,45.436981,1000,10,1,1464919274,1477387968,0,"Via Fernando Santi, 5, 20142 Milano MI, Italy"
LTE,222,1,24271,80563654,0,9.175643921,45.46897888,1000,1,1,1465467404,1465467404,0,"Via Pietro Paleocapa, 3, 20123 Milano MI, Italy"
LTE,222,1,24676,128082691,0,9.189376831,45.46485901,1000,2,1,1465972079,1472125414,0,"Piazza del Duomo, 19a, 20121 Milano MI, Italy"
LTE,222,1,24301,128387585,0,9.123458862,45.47859192,1000,1,1,1466396576,1466396576,0,"Via dei Piccolomini, 3, 20151 Milano MI, Italy"
LTE,222,1,9057,128342276,0,9.124832153,45.47859192,1000,1,1,1466396576,1466396576,0,"Via dei Piccolomini, 3, 20151 Milano MI, Italy"
LTE,222,1,9057,128342273,0,9.123458862,45.47859192,1000,1,1,1467627124,1467627124,0,"Via dei Piccolomini, 3, 20151 Milano MI, Italy"
LTE,222,1,24622,128324609,0,9.123458862,45.44288635,1000,2,1,1468364867,1474396809,0,"Via Pietro Giordani, 46, 20147 Milano MI, Italy"
LTE,222,1,10854,128072450,0,9.188003,45.501938,1000,3,1,1469520521,1471581719,0,"Via Valassina, 45, 20159 Milano MI, Italy"
LTE,222,1,9029,128129282,0,9.123458862,45.47996521,1000,1,1,1471264033,1471264033,0,"Via Achille, 4, 20151 Milano MI, Italy"
LTE,222,1,24675,128337413,0,9.193496704,45.46485901,1000,2,1,1471563648,1480317537,0,"Corso Vittorio Emanuele II, 3, 20122 Milano MI, Italy"
LTE,222,1,24302,128072196,0,9.131184,45.501251,1000,8,1,1473088831,1474851650,0,"Via del Ghisallo P.le ai Laghi, 20156 Milano MI, Italy"
LTE,222,1,24301,128410113,0,9.128952026,45.48545837,1000,5,1,1473088831,1479100005,0,"Via Carlo Osma, 2, 20151 Milano MI, Italy"
LTE,222,1,9029,128129539,0,9.12071228,45.47447205,1000,1,1,1473055732,1473055732,0,"Via Val Poschiavina, 8, 20153 Milano MI, Italy"
LTE,222,1,9029,128129538,0,9.12071228,45.47447205,1000,2,1,1473088831,1474718330,0,"Via Val Poschiavina, 8, 20153 Milano MI, Italy"
LTE,222,1,24302,128072195,0,9.130325317,45.49369812,1000,1,1,1473601226,1473601226,0,"Viale Alcide de Gasperi, 4, 20151 Milano MI, Italy"
LTE,222,1,24302,128072193,0,9.130325317,45.50193787,1000,1,1,1473601217,1473601217,0,"Via del Ghisallo P.le ai Laghi, 20156 Milano MI, Italy"
LTE,222,1,9029,128129281,0,9.123458862,45.47996521,1000,1,1,1474417767,1474417767,0,"Via Achille, 4, 20151 Milano MI, Italy"
LTE,222,1,9029,128129295,0,9.124146,45.478592,1000,2,1,1474438008,1477224974,0,"Via dei Piccolomini, 3, 20151 Milano MI, Italy"
LTE,222,1,10950,128272644,0,9.256533,45.453105,4022,40,1,1474484838,1523728453,0,"Str. C - C.A.M.M., 28, 20138 Milano MI, Italy"
LTE,222,1,24691,128261126,0,9.175643921,45.41404724,1000,1,1,1474538003,1474538003,0,"Via dei Missaglia, 89, 20142 Milano MI, Italy"
LTE,222,1,24269,128374017,0,9.153671265,45.47172546,1000,1,1,1475891768,1475891768,0,"Via Monte Rosa, 10, 20145 Milano MI, Italy"
LTE,222,1,24269,128410371,0,9.167404175,45.45661926,1000,2,1,1475965532,1481709839,0,"Via Andrea Solari, 7, 20144 Milano MI, Italy"
LTE,222,1,24302,128036102,0,9.131014,45.495231,6317,45,1,1476083127,1512186834,0,"Via Inverigo, 14, 20151 Milano MI, Italy"
LTE,222,1,24302,128036101,0,9.139104,45.490845,1000,38,1,1476083127,1512094952,0,"Viale Achille Papa, 30, 20159 Milano MI, Italy"
LTE,222,1,24304,128165378,0,9.07951355,45.47309875,1000,9,1,1478050898,1483285270,0,"A50, 20153 Milano MI, Italy"
LTE,222,1,24301,128305412,0,9.100296,45.514297,1000,15,1,1478582368,1483708604,0,"Cascina Merlata, Milano MI, Italy"
LTE,222,1,24272,128334340,0,9.18800354,45.50193787,1000,2,1,1479031533,1481844812,0,"Via Valassina, 45, 20159 Milano MI, Italy"
LTE,222,1,10919,128217862,0,9.179763794,45.46760559,1000,1,1,1479298946,1479298946,0,"Foro Buonaparte, 61, 20121 Milano MI, Italy"
LTE,222,1,24269,128334852,0,9.14680481,45.48683167,1000,2,1,1480144028,1483399266,0,"Via Ignazio Gardella, 10, 20149 Milano MI, Italy"
LTE,222,1,24302,128353794,0,9.076735,45.466635,1000,39,1,1480237526,1494690795,0,"Via Budrio, 44, 20153 Milano MI, Italy"
LTE,222,1,24623,128256004,0,9.101486206,45.45936584,1000,2,1,1480237526,1481979671,0,"Via delle Forze Armate, 312, 20152 Milano MI, Italy"
LTE,222,1,24675,128320001,0,9.190750122,45.46348572,1000,9,1,1481303065,1491982232,0,"Piazza del Duomo, 6, 20122 Milano MI, Italy"
LTE,222,1,24301,128436483,0,9.128952026,45.51979065,1000,2,1,1481715733,1483524958,0,"Via Val Lagarina, 27, 20157 Milano MI, Italy"
LTE,222,1,24302,128357377,0,9.128952026,45.51979065,1000,3,1,1481715734,1482967460,0,"Via Val Lagarina, 27, 20157 Milano MI, Italy"
LTE,222,1,24270,128034820,0,9.150925,45.477905,1000,2,1,1482176736,1483285268,0,"Piazzale Arduino, 4, 20149 Milano MI, Italy"
LTE,222,1,24271,128036866,0,9.161911011,45.4964447,1000,4,1,1481939656,1483399266,0,"Cavalcavia Adriano Bacula, Milano MI, Italy"
LTE,222,1,24269,128422915,0,9.16053772,45.47309875,1000,1,1,1483285268,1483285268,0,"Via Ippolito Nievo, 5, 20145 Milano MI, Italy"
LTE,222,1,24302,128243972,0,9.124832153,45.51704407,1000,44,1,1483748713,1492363484,0,"A4 Torino - Trieste, 20157 Milano MI, Italy"
LTE,222,1,24302,128305412,0,9.100112915,45.51429749,1000,33,1,1483748713,1492363475,0,"Cascina Merlata, Milano MI, Italy"
LTE,222,1,24302,128153350,0,9.113789,45.515671,1000,24,1,1483748713,1492363484,0,"Zona Stephenson, Milano MI, Italy"
LTE,222,1,24302,128337154,0,9.132196,45.504392,2360,21,1,1484014199,1491317813,0,"Via Angelo Brunetti, 21, 20156 Milano MI, Italy"
LTE,222,1,24269,128257028,0,9.173344,45.487262,1000,7,1,1484100483,1523124900,0,"Via Cenisio, 1, 20154 Milano MI, Italy"
LTE,222,1,24269,128257027,0,9.168777466,45.48820496,1000,2,1,1484100483,1489311814,0,"Via Giuseppe Antonio Borgese, 1, 20154 Milano MI, Italy"
LTE,222,1,24269,128257025,0,9.174498,45.487032,1000,6,1,1484103363,1523124910,0,"Via Cenisio, 1, 20154 Milano MI, Italy"
LTE,222,1,24303,128161543,0,9.066626,45.499002,1000,19,1,1484162818,1506001571,0,"A50, 20153 Milano MI, Italy"
LTE,222,1,24303,128161545,0,9.066722,45.491232,1000,16,1,1484162818,1505891605,0,"Via Molinetto, 53, 20153 Milano MI, Italy"
LTE,222,1,24302,128243974,0,9.123035,45.51394,1000,40,1,1484014199,1492096318,0,"Via Giorgio Stephenson, 76, 20157 Milano MI, Italy"
LTE,222,1,24302,128337155,0,9.130173,45.505652,2556,35,1,1484014199,1492189264,0,"Via Sapri, 64, 20156 Milano MI, Italy"
LTE,222,1,24303,128161540,0,9.066614,45.497427,4267,40,1,1484388314,1506001494,0,"A50, 20153 Milano MI, Italy"
LTE,222,1,10854,128322822,0,9.179621,45.484737,1000,12,1,1484395642,1523124833,0,"Porta Volta, Milano MI, Italy"
LTE,222,1,24302,128243969,0,9.125519,45.518005,1000,10,1,1484423123,1491579843,0,"A4 Torino - Trieste, 20157 Milano MI, Italy"
LTE,222,1,24303,128161537,0,9.065323,45.503082,1000,6,1,1484623737,1491713296,0,"A50, 20153 Milano MI, Italy"
LTE,222,1,24272,128036872,0,9.161911011,45.4964447,1000,8,1,1484740891,1489326767,0,"Cavalcavia Adriano Bacula, Milano MI, Italy"
LTE,222,1,10916,128315650,0,9.252548218,45.46211243,1000,1,1,1484994907,1484994907,0,"Viale Enrico Forlanini, 75, 20134 Milano MI, Italy"
LTE,222,1,24304,128230661,0,9.102859497,45.51429749,1000,2,1,1485167264,1492363475,0,"Cascina Merlata, Milano MI, Italy"
LTE,222,1,24302,128340738,0,9.074443,45.461056,1000,13,1,1485201945,1492013768,0,"Via Seguro, 111, 20153 Milano MI, Italy"
LTE,222,1,24269,128020226,0,9.163284,45.482712,1000,10,1,1485310520,1487814380,0,"Via Angelo Poliziano, 1, 20154 Milano MI, Italy"
LTE,222,1,24304,128258563,0,9.11503,45.518228,1000,29,1,1485314522,1492170557,0,"Via Cristina Belgioioso, 14, 20157 Milano MI, Italy"
LTE,222,1,24302,128243201,0,9.102516,45.514298,1000,4,1,1485497238,1492363475,0,"Cascina Merlata, Milano MI, Italy"
LTE,222,1,24302,128153349,0,9.112149,45.512682,1000,17,1,1485497238,1492363484,0,"Via Giorgio Stephenson, 103, 20157 Milano MI, Italy"
LTE,222,1,24302,128243971,0,9.12367,45.514086,1000,13,1,1485504351,1491317813,0,"Via Giovanni Battista Grassi, 19, 20157 Milano MI, Italy"
LTE,222,1,24270,128269315,0,9.16165,45.45905,1000,5,1,1485683133,1493737802,0,"Via Giuseppe Dezza, 48, 20144 Milano MI, Italy"
LTE,222,1,24623,128046855,0,9.076517,45.463035,1000,8,1,1485683133,1505892021,0,"A50, 20153 Milano MI, Italy"
LTE,222,1,24621,128303881,0,9.11499,45.456619,1000,6,1,1485692714,1491956406,0,"Via Basilea, 6, 20152 Milano MI, Italy"
LTE,222,1,24269,128334340,0,9.18800354,45.50193787,1000,3,1,1486356472,1490750818,0,"Via Valassina, 45, 20159 Milano MI, Italy"
LTE,222,1,24269,128018945,0,9.168887,45.478976,1000,25,1,1486783400,1491982232,0,"Corso Sempione, 22, 20154 Milano MI, Italy"
LTE,222,1,24272,128036869,0,9.161911011,45.4964447,1000,11,1,1486893988,1491097604,0,"Cavalcavia Adriano Bacula, Milano MI, Italy"
LTE,222,1,24302,128258563,0,9.117965698,45.51567078,1000,1,1,1486913602,1486913602,0,"Via Privata Venezia Giulia, 5a, 20157 Milano MI, Italy"
LTE,222,1,24622,128353794,0,9.078140259,45.46760559,1000,1,1,1486913608,1486913608,0,"Via Budrio, 44, 20153 Milano MI, Italy"
LTE,222,1,24272,128278530,0,9.153671265,45.47309875,1000,3,1,1486945217,1489221434,0,"Piazzale Giulio Cesare, 9, 20145 Milano MI, Italy"
LTE,222,1,24272,128278533,0,9.153867,45.473099,1000,7,1,1486945217,1492189264,0,"Piazzale Giulio Cesare, 9, 20145 Milano MI, Italy"
LTE,222,1,24302,128291075,0,9.132843,45.504456,1000,6,1,1486366282,1489509029,0,"Via Angelo Brunetti, 21, 20156 Milano MI, Italy"
LTE,222,1,10948,128181512,0,9.253235,45.487175,1000,4,1,1487106645,1492156956,0,"Via Rombon (Sacro Cuore), 20134 Milano MI, Italy"
LTE,222,1,10950,128335362,0,9.252548,45.471725,1000,2,1,1487127591,1491307852,0,"Via Arcangelo Corelli, 36, 20134 Milano MI, Italy"
LTE,222,1,24691,128174337,0,9.155869,45.413773,1000,5,1,1487386444,1491373380,0,"Strada Provinciale 184, 20142 Milano MI, Italy"
LTE,222,1,24269,128225027,0,9.172897339,45.47584534,1000,2,1,1487550508,1487785632,0,"Via Agostino Bertani, 16, 20154 Milano MI, Italy"
LTE,222,1,24270,128020229,0,9.163456,45.482712,1000,40,1,1487644788,1492256378,0,"Via Angelo Poliziano, 1, 20154 Milano MI, Italy"
LTE,222,1,24270,128269317,0,9.166030884,45.45661926,1000,1,1,1487641268,1487641268,0,"Via Montevideo, 20144 Milano MI, Italy"
LTE,222,1,24270,128269318,0,9.166030884,45.45661926,1000,1,1,1487641268,1487641268,0,"Via Montevideo, 20144 Milano MI, Italy"
LTE,222,1,24270,128269316,0,9.166030884,45.46073914,1000,1,1,1488590501,1488590501,0,"Viale Papiniano, 12, 20123 Milano MI, Italy"
LTE,222,1,24270,128422915,0,9.16053772,45.47309875,1000,2,1,1488684439,1491310442,0,"Via Ippolito Nievo, 5, 20145 Milano MI, Italy"
LTE,222,1,24302,128410114,0,9.137192,45.479965,1000,2,1,1488696466,1491804943,0,"Via degli Odescalchi, 24, 20148 Milano MI, Italy"
LTE,222,1,24269,128463107,0,9.151497,45.511551,1000,12,1,1488792782,1491982232,0,"Via Dante Chiasserini, 68, 20157 Milano MI, Italy"
LTE,222,1,24302,128305409,0,9.100112915,45.51429749,1000,5,1,1489129531,1491878215,0,"Cascina Merlata, Milano MI, Italy"
LTE,222,1,24673,128378369,0,9.192467,45.470352,1000,4,1,1489134317,1491234301,0,"Montenapoleone, 20121 Milano MI, Italy"
LTE,222,1,24673,128337413,0,9.193496704,45.46485901,1000,1,1,1489326767,1489326767,0,"Corso Vittorio Emanuele II, 3, 20122 Milano MI, Italy"
LTE,222,1,24673,128378113,0,9.193496704,45.46485901,1000,1,1,1489326767,1489326767,0,"Corso Vittorio Emanuele II, 3, 20122 Milano MI, Italy"
LTE,222,1,24269,128178189,0,9.177017212,45.4662323,1000,4,1,1487509524,1491369034,0,"Via San Nicolao, 2, 20123 Milano MI, Italy"
LTE,222,1,10919,128273412,0,9.189376831,45.47309875,1000,2,1,1490443710,1490514716,0,"20121, Via Fatebenefratelli, 8, Milano MI, Italy"
LTE,222,1,10919,128435718,0,9.189376831,45.47309875,1000,1,1,1490514716,1490514716,0,"20121, Via Fatebenefratelli, 8, Milano MI, Italy"
LTE,222,1,24304,128231682,0,9.095993042,45.51841736,1000,1,1,1490574585,1490574585,0,"Unnamed Road, 20157 Milano MI, Italy"
LTE,222,1,24269,128335876,0,9.168777466,45.47859192,1000,1,1,1490766757,1490766757,0,"Corso Sempione, 22, 20154 Milano MI, Italy"
LTE,222,1,10919,128327175,0,9.203109741,45.4662323,1000,1,1,1490808261,1490808261,0,"Via Conservatorio, 30, 20122 Milano MI, Italy"
LTE,222,1,24673,128377857,0,9.203109741,45.4662323,1000,1,1,1490808261,1490808261,0,"Via Conservatorio, 30, 20122 Milano MI, Italy"
LTE,222,1,24621,128324609,0,9.123458862,45.44288635,1000,1,1,1491012976,1491012976,0,"Via Pietro Giordani, 46, 20147 Milano MI, Italy"
LTE,222,1,24302,128319237,0,9.119751,45.49351,1000,7,1,1492132737,1506156858,0,"Via Adolfo Omodeo, 1, 20151 Milano MI, Italy"
LTE,222,1,24674,128003073,0,9.186703,45.46621,1000,5,1,1505479894,1523427168,0,"Via Bassano Porrone, 8, 20121 Milano MI, Italy"
LTE,222,1,24623,128055049,0,9.076685,45.461538,1000,14,1,1505891973,1505892163,0,"Via Seguro, 111, 20153 Milano MI, Italy"
LTE,222,1,10916,128516354,0,9.205917,45.467491,1000,1,1,1512097968,1512097968,0,"Viale Bianca Maria, 49, 20122 Milano MI, Italy"
LTE,222,1,24305,128161540,0,9.066411,45.497903,1000,3,1,1522043346,1537548735,0,"SPexSS11, 20153 Milano MI, Italy"
LTE,222,1,24304,128387590,0,9.123429,45.47929,1000,1,1,1524926890,1524926890,0,"Via Achille, 4, 20151 Milano MI, Italy"
LTE,222,1,24305,128600065,0,9.0694,45.488836,3170,6,1,1533567817,1537548666,0,"Via Novara, 560, 20153 Milano MI, Italy"
LTE,222,1,24305,128600066,0,9.067182,45.498434,2093,2,1,1533567848,1537548623,0,"A50, 20153 Milano MI, Italy"
LTE,222,1,24622,128538881,0,9.076248,45.451454,1000,1,1,1537548403,1537548403,0,"A50, 20152 Milano MI, Italy"
LTE,222,1,24305,128165378,0,9.078844,45.469815,1000,4,1,1537548534,1537548558,0,"A50, 20153 Milano MI, Italy"
LTE,222,1,24305,128353793,0,9.078327,45.475556,1000,2,1,1537548579,1537689553,0,"Via Gaetano Airaghi, 120, 20153 Milano MI, Italy"
LTE,222,1,24305,128161541,0,9.068504,45.486073,1000,1,1,1537548660,1537548660,0,"A50, 20153 Milano MI, Italy"
LTE,222,1,24305,128161543,0,9.066967,45.499149,1000,1,1,1537548726,1537548726,0,"A50, 20153 Milano MI, Italy"
LTE,222,1,24690,128399108,0,9.187465,45.390446,1000,1,1,1537712022,1537712022,0,"A50, 20089 Milano MI, Italy"
LTE,222,1,24308,128243974,0,9.113188,45.513023,1000,1,1,1540536249,1540536249,0,"Via Giorgio Stephenson, 103, 20157 Milano MI, Italy"