#{"t_start": 1578867104.5102036, "env_id": "multi-channel-DCA-v0"}
r,l,t,block_prob,timestamp
178,4320,9.343795,0.6377978106889891,2013-11-01 00:40:00
84,4320,20.564585,0.645363811976819,2013-11-01 00:40:00
96,4320,25.47139,0.6443979394719896,2013-11-01 00:40:00
558,4320,36.100308,0.6072118480360592,2013-11-01 00:40:00
-126,4320,41.75436,0.6622665808113329,2013-11-01 00:40:00
-156,4320,51.943642,0.6646812620734063,2013-11-01 00:40:00
94,4320,56.838244,0.6445589182227945,2013-11-01 00:40:00
-198,4320,67.737255,0.6680618158403091,2013-11-01 00:40:00
216,4320,73.015922,0.6347392144236961,2013-11-01 00:40:00
226,4320,83.466467,0.6339343206696716,2013-11-01 00:40:00
-82,4320,88.3599,0.6587250482936252,2013-11-01 00:40:00
170,4320,99.095643,0.6384417256922086,2013-11-01 00:40:00
54,4320,103.975318,0.6477784932388925,2013-11-01 00:40:00
110,4320,114.285044,0.6432710882163555,2013-11-01 00:40:00
-96,4320,119.357281,0.6598518995492595,2013-11-01 00:40:00
144,4320,129.907739,0.6405344494526722,2013-11-01 00:40:00
160,4320,134.801317,0.6392466194462331,2013-11-01 00:40:00
54,4320,145.031182,0.6477784932388925,2013-11-01 00:40:00
-112,4320,155.391415,0.6611397295556987,2013-11-01 00:40:00
218,4320,160.300606,0.6345782356728912,2013-11-01 00:40:00
508,4320,170.816251,0.6112363168061816,2013-11-01 00:40:00
172,4320,175.764537,0.6382807469414037,2013-11-01 00:40:00
-72,4320,186.523129,0.6579201545396007,2013-11-01 00:40:00
146,4320,191.405857,0.6403734707018673,2013-11-01 00:40:00
298,4320,201.644522,0.6281390856406954,2013-11-01 00:40:00
-98,4320,206.563012,0.6600128783000644,2013-11-01 00:40:00
-146,4320,217.339401,0.6638763683193818,2013-11-01 00:40:00
42,4320,222.506051,0.6487443657437219,2013-11-01 00:40:00
-84,4320,234.102956,0.6588860270444301,2013-11-01 00:40:00
240,4320,238.996781,0.6328074694140373,2013-11-01 00:40:00
-256,4320,249.09221,0.672730199613651,2013-11-01 00:40:00
134,4320,253.987531,0.6413393432066967,2013-11-01 00:40:00
170,4320,264.771312,0.6384417256922086,2013-11-01 00:40:00
-122,4320,269.923571,0.6619446233097231,2013-11-01 00:40:00
-392,4320,280.157216,0.6836767546683837,2013-11-01 00:40:00
-44,4320,285.037048,0.6556664520283323,2013-11-01 00:40:00
336,4320,295.190881,0.6250804893754024,2013-11-01 00:40:00
158,4320,305.621833,0.639407598197038,2013-11-01 00:40:00
-130,4320,311.462156,0.6625885383129427,2013-11-01 00:40:00
102,4320,322.151361,0.6439150032195751,2013-11-01 00:40:00
-156,4320,327.147908,0.6646812620734063,2013-11-01 00:40:00
110,4320,337.733932,0.6432710882163555,2013-11-01 00:40:00
534,4320,343.036942,0.609143593045718,2013-11-01 00:40:00
152,4320,353.871873,0.6398905344494527,2013-11-01 00:40:00
-16,4320,358.894162,0.6534127495170637,2013-11-01 00:40:00
242,4320,370.443843,0.6326464906632324,2013-11-01 00:40:00
-154,4320,375.337103,0.6645202833226014,2013-11-01 00:40:00
548,4320,385.877639,0.6080167417900837,2013-11-01 00:40:00
54,4320,390.766061,0.6477784932388925,2013-11-01 00:40:00
-148,4320,401.505224,0.6640373470701867,2013-11-01 00:40:00
-100,4320,406.572317,0.6601738570508693,2013-11-01 00:40:00
224,4320,416.85836,0.6340952994204765,2013-11-01 00:40:00
18,4320,421.738781,0.6506761107533805,2013-11-01 00:40:00
-16,4320,432.091773,0.6534127495170637,2013-11-01 00:40:00
132,4320,442.410491,0.6415003219575016,2013-11-01 00:40:00
268,4320,447.299101,0.6305537669027689,2013-11-01 00:40:00
28,4320,457.679604,0.6498712169993561,2013-11-01 00:40:00
-148,4320,462.573791,0.6640373470701867,2013-11-01 00:40:00
540,4320,472.969112,0.6086606567933033,2013-11-01 00:40:00
348,4320,477.864393,0.6241146168705731,2013-11-01 00:40:00
-266,4320,488.546707,0.6735350933676755,2013-11-01 00:40:00
428,4320,493.433084,0.6176754668383774,2013-11-01 00:40:00
180,4320,503.597315,0.6376368319381842,2013-11-01 00:40:00
116,4320,508.755023,0.6427881519639408,2013-11-01 00:40:00
-190,4320,519.563668,0.6674179008370895,2013-11-01 00:40:00
-234,4320,524.464187,0.6709594333547971,2013-11-01 00:40:00
354,4320,534.802871,0.6236316806181584,2013-11-01 00:40:00
106,4320,539.705338,0.6435930457179653,2013-11-01 00:40:00
372,4320,550.487745,0.6221828718609144,2013-11-01 00:40:00
-238,4320,555.654221,0.6712813908564069,2013-11-01 00:40:00
-32,4320,566.526887,0.6547005795235029,2013-11-01 00:40:00
122,4320,571.432687,0.6423052157115261,2013-11-01 00:40:00
146,4320,582.287914,0.6403734707018673,2013-11-01 00:40:00
-252,4320,592.677844,0.6724082421120412,2013-11-01 00:40:00
562,4320,598.094704,0.6068898905344494,2013-11-01 00:40:00
296,4320,608.964374,0.6283000643915003,2013-11-01 00:40:00
162,4320,614.091475,0.6390856406954282,2013-11-01 00:40:00
106,4320,624.461012,0.6435930457179653,2013-11-01 00:40:00
64,4320,629.415071,0.646973599484868,2013-11-01 00:40:00
-86,4320,640.394903,0.659047005795235,2013-11-01 00:40:00
120,4320,645.553754,0.642466194462331,2013-11-01 00:40:00
118,4320,656.117329,0.6426271732131359,2013-11-01 00:40:00
-116,4320,661.027676,0.6614616870573085,2013-11-01 00:40:00
234,4320,671.407616,0.633290405666452,2013-11-01 00:40:00
432,4320,676.30254,0.6173535093367676,2013-11-01 00:40:00
-116,4320,687.055257,0.6614616870573085,2013-11-01 00:40:00
484,4320,692.208819,0.6131680618158403,2013-11-01 00:40:00
506,4320,702.793669,0.6113972955569865,2013-11-01 00:40:00
-22,4320,707.690774,0.6538956857694784,2013-11-01 00:40:00
106,4320,718.430935,0.6435930457179653,2013-11-01 00:40:00
160,4320,723.332164,0.6392466194462331,2013-11-01 00:40:00
196,4320,734.448758,0.636349001931745,2013-11-01 00:40:00
126,4320,745.316946,0.6419832582099163,2013-11-01 00:40:00
242,4320,750.894715,0.6326464906632324,2013-11-01 00:40:00
-76,4320,761.911907,0.6582421120412105,2013-11-01 00:40:00
62,4320,766.873906,0.6471345782356729,2013-11-01 00:40:00
-126,4320,777.283831,0.6622665808113329,2013-11-01 00:40:00
428,4320,782.427522,0.6176754668383774,2013-11-01 00:40:00
48,4320,793.022558,0.6482614294913072,2013-11-01 00:40:00
400,4320,797.909572,0.6199291693496458,2013-11-01 00:40:00
376,4320,808.84302,0.6218609143593046,2013-11-01 00:40:00
-136,4320,813.734504,0.6630714745653574,2013-11-01 00:40:00
526,4320,824.861266,0.6097875080489376,2013-11-01 00:40:00
232,4320,830.022448,0.6334513844172569,2013-11-01 00:40:00
-100,4320,840.551703,0.6601738570508693,2013-11-01 00:40:00
152,4320,845.461179,0.6398905344494527,2013-11-01 00:40:00
368,4320,855.925165,0.6225048293625242,2013-11-01 00:40:00
194,4320,860.822844,0.6365099806825499,2013-11-01 00:40:00
138,4320,872.033212,0.6410173857050869,2013-11-01 00:40:00
-6,4320,882.686005,0.6526078557630393,2013-11-01 00:40:00
28,4320,888.280958,0.6498712169993561,2013-11-01 00:40:00
-42,4320,898.738707,0.6555054732775274,2013-11-01 00:40:00
400,4320,903.69231,0.6199291693496458,2013-11-01 00:40:00
392,4320,914.355241,0.6205730843528654,2013-11-01 00:40:00
370,4320,919.439238,0.6223438506117193,2013-11-01 00:40:00
2,4320,929.721764,0.6519639407598197,2013-11-01 00:40:00
268,4320,934.631193,0.6305537669027689,2013-11-01 00:40:00
212,4320,945.431416,0.6350611719253059,2013-11-01 00:40:00
292,4320,950.448805,0.6286220218931101,2013-11-01 00:40:00
238,4320,961.054569,0.6329684481648422,2013-11-01 00:40:00
-258,4320,966.185246,0.6728911783644559,2013-11-01 00:40:00
262,4320,976.590152,0.6310367031551836,2013-11-01 00:40:00
36,4320,981.501518,0.6492273019961365,2013-11-01 00:40:00
64,4320,992.332785,0.646973599484868,2013-11-01 00:40:00
238,4320,997.208387,0.6329684481648422,2013-11-01 00:40:00
122,4320,1007.979297,0.6423052157115261,2013-11-01 00:40:00
-194,4320,1013.154277,0.6677398583386993,2013-11-01 00:40:00
108,4320,1023.758778,0.6434320669671604,2013-11-01 00:40:00
234,4320,1033.947562,0.633290405666452,2013-11-01 00:40:00
240,4320,1038.835898,0.6328074694140373,2013-11-01 00:40:00
116,4320,1049.058262,0.6427881519639408,2013-11-01 00:40:00
314,4320,1054.120391,0.6268512556342563,2013-11-01 00:40:00
292,4320,1064.626508,0.6286220218931101,2013-11-01 00:40:00
222,4320,1069.538401,0.6342562781712814,2013-11-01 00:40:00
426,4320,1079.865503,0.6178364455891823,2013-11-01 00:40:00
336,4320,1084.771984,0.6250804893754024,2013-11-01 00:40:00
148,4320,1094.851364,0.6402124919510624,2013-11-01 00:40:00
124,4320,1099.839008,0.6421442369607212,2013-11-01 00:40:00
290,4320,1110.014474,0.628783000643915,2013-11-01 00:40:00
106,4320,1114.918663,0.6435930457179653,2013-11-01 00:40:00
154,4320,1125.210973,0.6397295556986478,2013-11-01 00:40:00
140,4320,1130.101351,0.640856406954282,2013-11-01 00:40:00
-540,4320,1141.002528,0.6955891822279459,2013-11-01 00:40:00
266,4320,1146.132583,0.6307147456535738,2013-11-01 00:40:00
-28,4320,1156.465635,0.6543786220218931,2013-11-01 00:40:00
96,4320,1161.355745,0.6443979394719896,2013-11-01 00:40:00
104,4320,1172.737761,0.6437540244687702,2013-11-01 00:40:00
84,4320,1183.333567,0.645363811976819,2013-11-01 00:40:00
-168,4320,1188.675359,0.6656471345782357,2013-11-01 00:40:00
-2,4320,1199.453204,0.6522858982614295,2013-11-01 00:40:00
216,4320,1204.809026,0.6347392144236961,2013-11-01 00:40:00
12,4320,1215.340952,0.6511590470057952,2013-11-01 00:40:00
-16,4320,1220.403874,0.6534127495170637,2013-11-01 00:40:00
-58,4320,1230.875282,0.6567933032839666,2013-11-01 00:40:00
-170,4320,1235.880136,0.6658081133290406,2013-11-01 00:40:00
-96,4320,1246.567354,0.6598518995492595,2013-11-01 00:40:00
176,4320,1251.474292,0.6379587894397939,2013-11-01 00:40:00
204,4320,1262.614993,0.6357050869285255,2013-11-01 00:40:00
174,4320,1267.51097,0.6381197681905988,2013-11-01 00:40:00
588,4320,1278.010635,0.6047971667739859,2013-11-01 00:40:00
56,4320,1283.076096,0.6476175144880876,2013-11-01 00:40:00
44,4320,1293.635468,0.648583386992917,2013-11-01 00:40:00
68,4320,1298.517356,0.6466516419832582,2013-11-01 00:40:00
214,4320,1309.554807,0.634900193174501,2013-11-01 00:40:00
-164,4320,1319.86879,0.6653251770766259,2013-11-01 00:40:00
462,4320,1325.198329,0.6149388280746941,2013-11-01 00:40:00
220,4320,1335.937535,0.6344172569220863,2013-11-01 00:40:00
590,4320,1341.162135,0.604636188023181,2013-11-01 00:40:00
430,4320,1351.804112,0.6175144880875725,2013-11-01 00:40:00
224,4320,1357.06864,0.6340952994204765,2013-11-01 00:40:00
206,4320,1367.819429,0.6355441081777206,2013-11-01 00:40:00
-288,4320,1373.159511,0.6753058596265293,2013-11-01 00:40:00
262,4320,1383.900235,0.6310367031551836,2013-11-01 00:40:00
268,4320,1388.805813,0.6305537669027689,2013-11-01 00:40:00
286,4320,1399.975229,0.6291049581455248,2013-11-01 00:40:00
48,4320,1404.869395,0.6482614294913072,2013-11-01 00:40:00
140,4320,1415.69206,0.640856406954282,2013-11-01 00:40:00
398,4320,1420.7601,0.6200901481004507,2013-11-01 00:40:00
-76,4320,1431.962616,0.6582421120412105,2013-11-01 00:40:00
34,4320,1436.83724,0.6493882807469414,2013-11-01 00:40:00
606,4320,1447.441823,0.6033483580167418,2013-11-01 00:40:00
-8,4320,1452.340395,0.6527688345138442,2013-11-01 00:40:00
144,4320,1462.735969,0.6405344494526722,2013-11-01 00:40:00
152,4320,1473.302666,0.6398905344494527,2013-11-01 00:40:00
248,4320,1478.706553,0.6321635544108177,2013-11-01 00:40:00
108,4320,1489.320305,0.6434320669671604,2013-11-01 00:40:00
132,4320,1494.285522,0.6415003219575016,2013-11-01 00:40:00
216,4320,1504.918795,0.6347392144236961,2013-11-01 00:40:00
2,4320,1509.902087,0.6519639407598197,2013-11-01 00:40:00
472,4320,1520.751965,0.6141339343206696,2013-11-01 00:40:00
2,4320,1525.640678,0.6519639407598197,2013-11-01 00:40:00
176,4320,1536.228437,0.6379587894397939,2013-11-01 00:40:00
154,4320,1541.126476,0.6397295556986478,2013-11-01 00:40:00
358,4320,1551.288973,0.6233097231165486,2013-11-01 00:40:00
422,4320,1556.333295,0.6181584030907921,2013-11-01 00:40:00
-78,4320,1566.706453,0.6584030907920154,2013-11-01 00:40:00
12,4320,1571.610053,0.6511590470057952,2013-11-01 00:40:00
374,4320,1582.08515,0.6220218931101095,2013-11-01 00:40:00
242,4320,1586.989578,0.6326464906632324,2013-11-01 00:40:00
-232,4320,1597.641946,0.6707984546039922,2013-11-01 00:40:00
78,4320,1602.759481,0.6458467482292337,2013-11-01 00:40:00
-16,4320,1613.404707,0.6534127495170637,2013-11-01 00:40:00
140,4320,1624.269484,0.640856406954282,2013-11-01 00:40:00
112,4320,1629.155154,0.6431101094655506,2013-11-01 00:40:00
308,4320,1639.572423,0.6273341918866709,2013-11-01 00:40:00
36,4320,1644.540195,0.6492273019961365,2013-11-01 00:40:00
222,4320,1655.345875,0.6342562781712814,2013-11-01 00:40:00
138,4320,1660.267037,0.6410173857050869,2013-11-01 00:40:00
46,4320,1670.443493,0.6484224082421121,2013-11-01 00:40:00
226,4320,1675.345907,0.6339343206696716,2013-11-01 00:40:00
-4,4320,1686.452185,0.6524468770122344,2013-11-01 00:40:00
100,4320,1691.526337,0.64407598197038,2013-11-01 00:40:00
332,4320,1701.962159,0.6254024468770122,2013-11-01 00:40:00
-176,4320,1706.854569,0.6662910495814552,2013-11-01 00:40:00
134,4320,1717.133977,0.6413393432066967,2013-11-01 00:40:00
52,4320,1722.02624,0.6479394719896974,2013-11-01 00:40:00
-122,4320,1732.767387,0.6619446233097231,2013-11-01 00:40:00
-28,4320,1737.890516,0.6543786220218931,2013-11-01 00:40:00
184,4320,1748.513093,0.6373148744365744,2013-11-01 00:40:00
-32,4320,1758.894488,0.6547005795235029,2013-11-01 00:40:00
326,4320,1763.997499,0.6258853831294269,2013-11-01 00:40:00
236,4320,1774.293334,0.6331294269156471,2013-11-01 00:40:00
158,4320,1779.330157,0.639407598197038,2013-11-01 00:40:00
490,4320,1789.722071,0.6126851255634256,2013-11-01 00:40:00
26,4320,1794.610106,0.650032195750161,2013-11-01 00:40:00
146,4320,1804.933117,0.6403734707018673,2013-11-01 00:40:00
-14,4320,1809.822189,0.6532517707662588,2013-11-01 00:40:00
330,4320,1820.226519,0.6255634256278171,2013-11-01 00:40:00
14,4320,1825.228369,0.6509980682549903,2013-11-01 00:40:00
94,4320,1835.964237,0.6445589182227945,2013-11-01 00:40:00
32,4320,1840.858293,0.6495492594977463,2013-11-01 00:40:00
240,4320,1851.419323,0.6328074694140373,2013-11-01 00:40:00
-54,4320,1856.30821,0.6564713457823568,2013-11-01 00:40:00
274,4320,1866.733985,0.6300708306503542,2013-11-01 00:40:00
378,4320,1871.690264,0.6216999356084997,2013-11-01 00:40:00
198,4320,1882.230834,0.6361880231809401,2013-11-01 00:40:00
178,4320,1887.129909,0.6377978106889891,2013-11-01 00:40:00
-20,4320,1898.033874,0.6537347070186735,2013-11-01 00:40:00
330,4320,1908.386316,0.6255634256278171,2013-11-01 00:40:00
-44,4320,1913.365381,0.6556664520283323,2013-11-01 00:40:00
96,4320,1924.101441,0.6443979394719896,2013-11-01 00:40:00
308,4320,1928.990116,0.6273341918866709,2013-11-01 00:40:00
-162,4320,1939.763113,0.665164198325821,2013-11-01 00:40:00
-318,4320,1944.661729,0.6777205408886027,2013-11-01 00:40:00
-72,4320,1955.436224,0.6579201545396007,2013-11-01 00:40:00
40,4320,1960.598363,0.6489053444945267,2013-11-01 00:40:00
152,4320,1971.32504,0.6398905344494527,2013-11-01 00:40:00
108,4320,1976.227123,0.6434320669671604,2013-11-01 00:40:00
-442,4320,1987.167948,0.6877012234385061,2013-11-01 00:40:00
266,4320,1992.085587,0.6307147456535738,2013-11-01 00:40:00
-16,4320,2002.611971,0.6534127495170637,2013-11-01 00:40:00
50,4320,2007.544742,0.6481004507405023,2013-11-01 00:40:00
226,4320,2018.050897,0.6339343206696716,2013-11-01 00:40:00
-118,4320,2022.92564,0.6616226658081134,2013-11-01 00:40:00
274,4320,2033.281857,0.6300708306503542,2013-11-01 00:40:00
230,4320,2038.183636,0.6336123631680618,2013-11-01 00:40:00
-110,4320,2049.568272,0.6609787508048938,2013-11-01 00:40:00
240,4320,2059.790155,0.6328074694140373,2013-11-01 00:40:00
78,4320,2064.684214,0.6458467482292337,2013-11-01 00:40:00
118,4320,2075.024227,0.6426271732131359,2013-11-01 00:40:00
60,4320,2079.910174,0.6472955569864778,2013-11-01 00:40:00
12,4320,2090.339236,0.6511590470057952,2013-11-01 00:40:00
144,4320,2095.234616,0.6405344494526722,2013-11-01 00:40:00
-256,4320,2105.637453,0.672730199613651,2013-11-01 00:40:00
-196,4320,2110.501222,0.6679008370895042,2013-11-01 00:40:00
192,4320,2121.109884,0.6366709594333548,2013-11-01 00:40:00
282,4320,2126.022799,0.6294269156471346,2013-11-01 00:40:00
182,4320,2136.440184,0.6374758531873793,2013-11-01 00:40:00
128,4320,2141.34595,0.6418222794591114,2013-11-01 00:40:00
56,4320,2152.173918,0.6476175144880876,2013-11-01 00:40:00
210,4320,2157.06697,0.6352221506761108,2013-11-01 00:40:00
-4,4320,2167.712481,0.6524468770122344,2013-11-01 00:40:00
90,4320,2172.602472,0.6448808757244043,2013-11-01 00:40:00
192,4320,2183.098804,0.6366709594333548,2013-11-01 00:40:00
182,4320,2193.573267,0.6374758531873793,2013-11-01 00:40:00
280,4320,2198.76207,0.6295878943979395,2013-11-01 00:40:00
422,4320,2209.171866,0.6181584030907921,2013-11-01 00:40:00
104,4320,2214.161222,0.6437540244687702,2013-11-01 00:40:00
62,4320,2224.808227,0.6471345782356729,2013-11-01 00:40:00
206,4320,2229.909379,0.6355441081777206,2013-11-01 00:40:00
270,4320,2240.773317,0.630392788151964,2013-11-01 00:40:00
334,4320,2245.664504,0.6252414681262073,2013-11-01 00:40:00
-226,4320,2256.584476,0.6703155183515775,2013-11-01 00:40:00
-50,4320,2261.660171,0.656149388280747,2013-11-01 00:40:00
114,4320,2272.173037,0.6429491307147457,2013-11-01 00:40:00
-46,4320,2277.068133,0.6558274307791372,2013-11-01 00:40:00
-62,4320,2288.23122,0.6571152607855762,2013-11-01 00:40:00
164,4320,2293.116872,0.6389246619446233,2013-11-01 00:40:00
-156,4320,2303.385391,0.6646812620734063,2013-11-01 00:40:00
82,4320,2308.280214,0.6455247907276239,2013-11-01 00:40:00
76,4320,2319.78765,0.6460077269800386,2013-11-01 00:40:00
138,4320,2324.818595,0.6410173857050869,2013-11-01 00:40:00
12,4320,2335.476255,0.6511590470057952,2013-11-01 00:40:00
-122,4320,2345.926723,0.6619446233097231,2013-11-01 00:40:00
82,4320,2351.096869,0.6455247907276239,2013-11-01 00:40:00
32,4320,2361.317467,0.6495492594977463,2013-11-01 00:40:00
78,4320,2366.21156,0.6458467482292337,2013-11-01 00:40:00
194,4320,2376.465705,0.6365099806825499,2013-11-01 00:40:00
110,4320,2381.358147,0.6432710882163555,2013-11-01 00:40:00
-172,4320,2391.810682,0.6659690920798454,2013-11-01 00:40:00
204,4320,2396.70013,0.6357050869285255,2013-11-01 00:40:00
412,4320,2407.175854,0.6189632968448164,2013-11-01 00:40:00
162,4320,2412.058121,0.6390856406954282,2013-11-01 00:40:00
218,4320,2422.428809,0.6345782356728912,2013-11-01 00:40:00
506,4320,2427.592218,0.6113972955569865,2013-11-01 00:40:00
-56,4320,2438.270009,0.6566323245331617,2013-11-01 00:40:00
-4,4320,2443.149287,0.6524468770122344,2013-11-01 00:40:00
-46,4320,2453.618162,0.6558274307791372,2013-11-01 00:40:00
-130,4320,2458.499558,0.6625885383129427,2013-11-01 00:40:00
-124,4320,2469.200485,0.662105602060528,2013-11-01 00:40:00
192,4320,2479.669259,0.6366709594333548,2013-11-01 00:40:00
306,4320,2484.574622,0.6274951706374758,2013-11-01 00:40:00
218,4320,2495.034586,0.6345782356728912,2013-11-01 00:40:00
178,4320,2500.420895,0.6377978106889891,2013-11-01 00:40:00
-2,4320,2510.766226,0.6522858982614295,2013-11-01 00:40:00
158,4320,2515.707641,0.639407598197038,2013-11-01 00:40:00
238,4320,2526.611275,0.6329684481648422,2013-11-01 00:40:00
336,4320,2531.737812,0.6250804893754024,2013-11-01 00:40:00
-140,4320,2541.847185,0.6633934320669672,2013-11-01 00:40:00
328,4320,2546.75975,0.625724404378622,2013-11-01 00:40:00
222,4320,2557.61462,0.6342562781712814,2013-11-01 00:40:00
140,4320,2562.815755,0.640856406954282,2013-11-01 00:40:00
64,4320,2573.177198,0.646973599484868,2013-11-01 00:40:00
20,4320,2578.046651,0.6505151320025757,2013-11-01 00:40:00
360,4320,2589.218989,0.6231487443657437,2013-11-01 00:40:00
184,4320,2594.120573,0.6373148744365744,2013-11-01 00:40:00
-124,4320,2604.127052,0.662105602060528,2013-11-01 00:40:00
284,4320,2609.220469,0.6292659368963297,2013-11-01 00:40:00
288,4320,2620.159403,0.6289439793947199,2013-11-01 00:40:00
322,4320,2630.395049,0.6262073406310367,2013-11-01 00:40:00
558,4320,2635.288151,0.6072118480360592,2013-11-01 00:40:00
218,4320,2645.750139,0.6345782356728912,2013-11-01 00:40:00
208,4320,2650.648128,0.6353831294269157,2013-11-01 00:40:00
218,4320,2661.127326,0.6345782356728912,2013-11-01 00:40:00
48,4320,2666.018032,0.6482614294913072,2013-11-01 00:40:00
16,4320,2676.46908,0.6508370895041854,2013-11-01 00:40:00
-66,4320,2681.375947,0.657437218287186,2013-11-01 00:40:00
-56,4320,2691.747203,0.6566323245331617,2013-11-01 00:40:00
-10,4320,2696.636335,0.652929813264649,2013-11-01 00:40:00
162,4320,2707.527745,0.6390856406954282,2013-11-01 00:40:00
-298,4320,2712.392435,0.6761107533805538,2013-11-01 00:40:00
92,4320,2722.717835,0.6447198969735994,2013-11-01 00:40:00
104,4320,2727.620941,0.6437540244687702,2013-11-01 00:40:00
322,4320,2738.09636,0.6262073406310367,2013-11-01 00:40:00
382,4320,2743.056374,0.6213779781068899,2013-11-01 00:40:00
344,4320,2753.273211,0.6244365743721829,2013-11-01 00:40:00
-96,4320,2758.172475,0.6598518995492595,2013-11-01 00:40:00
2,4320,2768.948524,0.6519639407598197,2013-11-01 00:40:00
-196,4320,2779.362589,0.6679008370895042,2013-11-01 00:40:00
-12,4320,2784.380802,0.653090792015454,2013-11-01 00:40:00
100,4320,2794.608023,0.64407598197038,2013-11-01 00:40:00
240,4320,2799.680604,0.6328074694140373,2013-11-01 00:40:00
248,4320,2810.210679,0.6321635544108177,2013-11-01 00:40:00
-112,4320,2815.112686,0.6611397295556987,2013-11-01 00:40:00
540,4320,2825.573431,0.6086606567933033,2013-11-01 00:40:00
544,4320,2830.472171,0.6083386992916935,2013-11-01 00:40:00
108,4320,2840.808985,0.6434320669671604,2013-11-01 00:40:00
-116,4320,2845.813491,0.6614616870573085,2013-11-01 00:40:00
174,4320,2856.577926,0.6381197681905988,2013-11-01 00:40:00
110,4320,2861.472087,0.6432710882163555,2013-11-01 00:40:00
246,4320,2871.775913,0.6323245331616226,2013-11-01 00:40:00
-56,4320,2876.664528,0.6566323245331617,2013-11-01 00:40:00
216,4320,2887.471803,0.6347392144236961,2013-11-01 00:40:00
166,4320,2892.599737,0.6387636831938184,2013-11-01 00:40:00
80,4320,2903.001692,0.6456857694784288,2013-11-01 00:40:00
338,4320,2913.290071,0.6249195106245976,2013-11-01 00:40:00
152,4320,2918.772817,0.6398905344494527,2013-11-01 00:40:00
-54,4320,2928.936363,0.6564713457823568,2013-11-01 00:40:00
24,4320,2933.842044,0.6501931745009659,2013-11-01 00:40:00
174,4320,2944.331014,0.6381197681905988,2013-11-01 00:40:00
134,4320,2949.223187,0.6413393432066967,2013-11-01 00:40:00
-12,4320,2959.590569,0.653090792015454,2013-11-01 00:40:00
-68,4320,2964.490064,0.6575981970379909,2013-11-01 00:40:00
146,4320,2974.75257,0.6403734707018673,2013-11-01 00:40:00
296,4320,2979.652475,0.6283000643915003,2013-11-01 00:40:00
0,4320,2990.080128,0.6521249195106246,2013-11-01 00:40:00
418,4320,2995.004982,0.6184803605924019,2013-11-01 00:40:00
178,4320,3005.357294,0.6377978106889891,2013-11-01 00:40:00
290,4320,3010.265945,0.628783000643915,2013-11-01 00:40:00
238,4320,3020.802325,0.6329684481648422,2013-11-01 00:40:00
432,4320,3025.697404,0.6173535093367676,2013-11-01 00:40:00
-126,4320,3036.216142,0.6622665808113329,2013-11-01 00:40:00
150,4320,3041.367197,0.6400515132002575,2013-11-01 00:40:00
230,4320,3051.951577,0.6336123631680618,2013-11-01 00:40:00
202,4320,3062.336356,0.6358660656793304,2013-11-01 00:40:00
80,4320,3067.289897,0.6456857694784288,2013-11-01 00:40:00
176,4320,3077.699196,0.6379587894397939,2013-11-01 00:40:00
464,4320,3082.871252,0.6147778493238892,2013-11-01 00:40:00
436,4320,3093.825449,0.6170315518351578,2013-11-01 00:40:00
-248,4320,3098.769448,0.6720862846104314,2013-11-01 00:40:00
442,4320,3109.691829,0.6165486155827431,2013-11-01 00:40:00
412,4320,3114.592563,0.6189632968448164,2013-11-01 00:40:00
20,4320,3125.03106,0.6505151320025757,2013-11-01 00:40:00
204,4320,3130.203332,0.6357050869285255,2013-11-01 00:40:00
304,4320,3141.189131,0.6276561493882807,2013-11-01 00:40:00
-6,4320,3146.087337,0.6526078557630393,2013-11-01 00:40:00
406,4320,3156.854027,0.6194462330972311,2013-11-01 00:40:00
210,4320,3161.762634,0.6352221506761108,2013-11-01 00:40:00
648,4320,3172.409385,0.599967804249839,2013-11-01 00:40:00
166,4320,3177.578255,0.6387636831938184,2013-11-01 00:40:00
588,4320,3188.581573,0.6047971667739859,2013-11-01 00:40:00
608,4320,3193.455694,0.6031873792659369,2013-11-01 00:40:00
372,4320,3204.137325,0.6221828718609144,2013-11-01 00:40:00
296,4320,3214.445858,0.6283000643915003,2013-11-01 00:40:00
298,4320,3219.726541,0.6281390856406954,2013-11-01 00:40:00
620,4320,3230.546015,0.6022215067611075,2013-11-01 00:40:00
238,4320,3235.437156,0.6329684481648422,2013-11-01 00:40:00
-100,4320,3245.699742,0.6601738570508693,2013-11-01 00:40:00
238,4320,3250.61426,0.6329684481648422,2013-11-01 00:40:00
222,4320,3261.026415,0.6342562781712814,2013-11-01 00:40:00
254,4320,3266.166143,0.631680618158403,2013-11-01 00:40:00
284,4320,3278.12161,0.6292659368963297,2013-11-01 00:40:00
-150,4320,3283.020175,0.6641983258209916,2013-11-01 00:40:00
856,4320,3293.299614,0.5832260141661301,2013-11-01 00:40:00
202,4320,3298.201725,0.6358660656793304,2013-11-01 00:40:00
140,4320,3309.433079,0.640856406954282,2013-11-01 00:40:00
412,4320,3314.608498,0.6189632968448164,2013-11-01 00:40:00
400,4320,3324.889431,0.6199291693496458,2013-11-01 00:40:00
796,4320,3329.799803,0.5880553766902769,2013-11-01 00:40:00
362,4320,3340.188122,0.6229877656149388,2013-11-01 00:40:00
118,4320,3350.38804,0.6426271732131359,2013-11-01 00:40:00
150,4320,3355.521536,0.6400515132002575,2013-11-01 00:40:00
86,4320,3366.081324,0.6452028332260141,2013-11-01 00:40:00
392,4320,3371.185763,0.6205730843528654,2013-11-01 00:40:00
334,4320,3381.489058,0.6252414681262073,2013-11-01 00:40:00
-236,4320,3386.378957,0.671120412105602,2013-11-01 00:40:00
298,4320,3396.700058,0.6281390856406954,2013-11-01 00:40:00
318,4320,3401.798381,0.6265292981326465,2013-11-01 00:40:00
-54,4320,3412.412564,0.6564713457823568,2013-11-01 00:40:00
332,4320,3417.319388,0.6254024468770122,2013-11-01 00:40:00
178,4320,3427.926694,0.6377978106889891,2013-11-01 00:40:00
166,4320,3432.829482,0.6387636831938184,2013-11-01 00:40:00
142,4320,3442.923072,0.6406954282034771,2013-11-01 00:40:00
458,4320,3448.068194,0.6152607855763039,2013-11-01 00:40:00
178,4320,3458.721404,0.6377978106889891,2013-11-01 00:40:00
246,4320,3463.626189,0.6323245331616226,2013-11-01 00:40:00
64,4320,3473.836558,0.646973599484868,2013-11-01 00:40:00
176,4320,3478.746229,0.6379587894397939,2013-11-01 00:40:00
564,4320,3489.294594,0.6067289117836445,2013-11-01 00:40:00
416,4320,3499.822569,0.6186413393432066,2013-11-01 00:40:00
54,4320,3504.733377,0.6477784932388925,2013-11-01 00:40:00
292,4320,3514.997347,0.6286220218931101,2013-11-01 00:40:00
122,4320,3520.459143,0.6423052157115261,2013-11-01 00:40:00
172,4320,3530.64059,0.6382807469414037,2013-11-01 00:40:00
486,4320,3535.592281,0.6130070830650354,2013-11-01 00:40:00
212,4320,3546.652794,0.6350611719253059,2013-11-01 00:40:00
548,4320,3551.54735,0.6080167417900837,2013-11-01 00:40:00
340,4320,3561.897473,0.6247585318737927,2013-11-01 00:40:00
148,4320,3566.796619,0.6402124919510624,2013-11-01 00:40:00
50,4320,3577.019406,0.6481004507405023,2013-11-01 00:40:00
314,4320,3582.267874,0.6268512556342563,2013-11-01 00:40:00
524,4320,3592.764911,0.6099484867997425,2013-11-01 00:40:00
94,4320,3597.668482,0.6445589182227945,2013-11-01 00:40:00
236,4320,3608.007012,0.6331294269156471,2013-11-01 00:40:00
236,4320,3612.904282,0.6331294269156471,2013-11-01 00:40:00
330,4320,3623.340807,0.6255634256278171,2013-11-01 00:40:00
226,4320,3628.343535,0.6339343206696716,2013-11-01 00:40:00
362,4320,3638.761055,0.6229877656149388,2013-11-01 00:40:00
276,4320,3649.234515,0.6299098518995493,2013-11-01 00:40:00
284,4320,3654.316463,0.6292659368963297,2013-11-01 00:40:00
528,4320,3664.895401,0.6096265292981327,2013-11-01 00:40:00
72,4320,3669.92604,0.6463296844816484,2013-11-01 00:40:00
64,4320,3680.425953,0.646973599484868,2013-11-01 00:40:00
240,4320,3685.332028,0.6328074694140373,2013-11-01 00:40:00
572,4320,3695.942318,0.6060849967804249,2013-11-01 00:40:00
302,4320,3700.9066,0.6278171281390856,2013-11-01 00:40:00
238,4320,3711.527617,0.6329684481648422,2013-11-01 00:40:00
242,4320,3716.419378,0.6326464906632324,2013-11-01 00:40:00
434,4320,3727.257651,0.6171925305859627,2013-11-01 00:40:00
538,4320,3732.169979,0.6088216355441082,2013-11-01 00:40:00
364,4320,3742.774892,0.622826786864134,2013-11-01 00:40:00
658,4320,3747.664936,0.5991629104958146,2013-11-01 00:40:00
624,4320,3758.398634,0.6018995492594977,2013-11-01 00:40:00
522,4320,3763.376121,0.6101094655505473,2013-11-01 00:40:00
622,4320,3773.857455,0.6020605280103026,2013-11-01 00:40:00
522,4320,3783.961355,0.6101094655505473,2013-11-01 00:40:00
164,4320,3788.908953,0.6389246619446233,2013-11-01 00:40:00
504,4320,3799.222909,0.6115582743077914,2013-11-01 00:40:00
278,4320,3804.157269,0.6297488731487444,2013-11-01 00:40:00
468,4320,3814.518454,0.6144558918222794,2013-11-01 00:40:00
242,4320,3819.428645,0.6326464906632324,2013-11-01 00:40:00
212,4320,3829.713162,0.6350611719253059,2013-11-01 00:40:00
516,4320,3834.629389,0.610592401802962,2013-11-01 00:40:00
500,4320,3844.914686,0.6118802318094012,2013-11-01 00:40:00
490,4320,3849.826191,0.6126851255634256,2013-11-01 00:40:00
266,4320,3859.981151,0.6307147456535738,2013-11-01 00:40:00
522,4320,3865.172968,0.6101094655505473,2013-11-01 00:40:00
470,4320,3875.428758,0.6142949130714745,2013-11-01 00:40:00
486,4320,3880.321777,0.6130070830650354,2013-11-01 00:40:00
280,4320,3890.920016,0.6295878943979395,2013-11-01 00:40:00
222,4320,3895.834498,0.6342562781712814,2013-11-01 00:40:00
476,4320,3906.565368,0.6138119768190599,2013-11-01 00:40:00
356,4320,3911.750692,0.6234707018673535,2013-11-01 00:40:00
236,4320,3922.17703,0.6331294269156471,2013-11-01 00:40:00
474,4320,3932.35292,0.6139729555698648,2013-11-01 00:40:00
368,4320,3937.283991,0.6225048293625242,2013-11-01 00:40:00
72,4320,3947.44116,0.6463296844816484,2013-11-01 00:40:00
378,4320,3952.506365,0.6216999356084997,2013-11-01 00:40:00
386,4320,3963.0129,0.6210560206052801,2013-11-01 00:40:00
58,4320,3967.919947,0.6474565357372827,2013-11-01 00:40:00
644,4320,3978.257966,0.6002897617514488,2013-11-01 00:40:00
760,4320,3983.181733,0.590952994204765,2013-11-01 00:40:00
202,4320,3993.574991,0.6358660656793304,2013-11-01 00:40:00
68,4320,3998.484842,0.6466516419832582,2013-11-01 00:40:00
152,4320,4008.699317,0.6398905344494527,2013-11-01 00:40:00
300,4320,4013.596317,0.6279781068898905,2013-11-01 00:40:00
606,4320,4024.39923,0.6033483580167418,2013-11-01 00:40:00
462,4320,4029.30889,0.6149388280746941,2013-11-01 00:40:00
446,4320,4040.213314,0.6162266580811333,2013-11-01 00:40:00
622,4320,4045.202978,0.6020605280103026,2013-11-01 00:40:00
-36,4320,4055.863682,0.6550225370251127,2013-11-01 00:40:00
342,4320,4060.774541,0.6245975531229878,2013-11-01 00:40:00
640,4320,4071.128358,0.6006117192530586,2013-11-01 00:40:00
624,4320,4081.422626,0.6018995492594977,2013-11-01 00:40:00
410,4320,4086.707208,0.6191242755956213,2013-11-01 00:40:00
264,4320,4097.352421,0.6308757244043787,2013-11-01 00:40:00
796,4320,4102.277646,0.5880553766902769,2013-11-01 00:40:00
264,4320,4112.888889,0.6308757244043787,2013-11-01 00:40:00
252,4320,4117.805226,0.6318415969092079,2013-11-01 00:40:00
652,4320,4128.494279,0.5996458467482292,2013-11-01 00:40:00
230,4320,4133.585564,0.6336123631680618,2013-11-01 00:40:00
356,4320,4144.582052,0.6234707018673535,2013-11-01 00:40:00
724,4320,4149.503071,0.593850611719253,2013-11-01 00:40:00
594,4320,4160.022584,0.6043142305215712,2013-11-01 00:40:00
434,4320,4164.926011,0.6171925305859627,2013-11-01 00:40:00
702,4320,4175.736475,0.5956213779781069,2013-11-01 00:40:00
538,4320,4180.703664,0.6088216355441082,2013-11-01 00:40:00
234,4320,4191.203002,0.633290405666452,2013-11-01 00:40:00
900,4320,4196.114107,0.5796844816484225,2013-11-01 00:40:00
492,4320,4206.345041,0.6125241468126207,2013-11-01 00:40:00
860,4320,4216.559526,0.5829040566645203,2013-11-01 00:40:00
492,4320,4221.468519,0.6125241468126207,2013-11-01 00:40:00
648,4320,4231.912858,0.599967804249839,2013-11-01 00:40:00
826,4320,4236.839909,0.5856406954282035,2013-11-01 00:40:00
750,4320,4247.204998,0.5917578879587895,2013-11-01 00:40:00
76,4320,4252.109686,0.6460077269800386,2013-11-01 00:40:00
614,4320,4262.788818,0.6027044430135222,2013-11-01 00:40:00
696,4320,4267.703999,0.5961043142305216,2013-11-01 00:40:00
576,4320,4278.136454,0.6057630392788153,2013-11-01 00:40:00
926,4320,4283.296912,0.5775917578879588,2013-11-01 00:40:00
414,4320,4293.888778,0.6188023180940115,2013-11-01 00:40:00
590,4320,4298.793756,0.604636188023181,2013-11-01 00:40:00
184,4320,4309.29276,0.6373148744365744,2013-11-01 00:40:00
-90,4320,4314.178087,0.6593689632968448,2013-11-01 00:40:00
536,4320,4324.87782,0.6089826142949131,2013-11-01 00:40:00
194,4320,4330.043798,0.6365099806825499,2013-11-01 00:40:00
390,4320,4340.696245,0.6207340631036703,2013-11-01 00:40:00
690,4320,4345.594978,0.5965872504829363,2013-11-01 00:40:00
594,4320,4356.352038,0.6043142305215712,2013-11-01 00:40:00
684,4320,4366.745437,0.597070186735351,2013-11-01 00:40:00
408,4320,4371.641801,0.6192852543464262,2013-11-01 00:40:00
526,4320,4382.298198,0.6097875080489376,2013-11-01 00:40:00
362,4320,4387.396741,0.6229877656149388,2013-11-01 00:40:00
126,4320,4398.261573,0.6419832582099163,2013-11-01 00:40:00
930,4320,4403.487686,0.577269800386349,2013-11-01 00:40:00
330,4320,4414.001383,0.6255634256278171,2013-11-01 00:40:00
42,4320,4419.003724,0.6487443657437219,2013-11-01 00:40:00
518,4320,4430.263727,0.6104314230521571,2013-11-01 00:40:00
304,4320,4435.166719,0.6276561493882807,2013-11-01 00:40:00
630,4320,4446.224076,0.601416613007083,2013-11-01 00:40:00
428,4320,4451.140164,0.6176754668383774,2013-11-01 00:40:00
786,4320,4462.079073,0.5888602704443013,2013-11-01 00:40:00
198,4320,4467.191849,0.6361880231809401,2013-11-01 00:40:00
336,4320,4477.793872,0.6250804893754024,2013-11-01 00:40:00
350,4320,4482.687582,0.6239536381197682,2013-11-01 00:40:00
574,4320,4493.266932,0.60592401802962,2013-11-01 00:40:00
154,4320,4503.618872,0.6397295556986478,2013-11-01 00:40:00
242,4320,4509.109101,0.6326464906632324,2013-11-01 00:40:00
414,4320,4519.859102,0.6188023180940115,2013-11-01 00:40:00
522,4320,4524.774679,0.6101094655505473,2013-11-01 00:40:00
184,4320,4535.055685,0.6373148744365744,2013-11-01 00:40:00
946,4320,4539.971189,0.5759819703799098,2013-11-01 00:40:00
588,4320,4550.205343,0.6047971667739859,2013-11-01 00:40:00
786,4320,4555.173819,0.5888602704443013,2013-11-01 00:40:00
72,4320,4565.984044,0.6463296844816484,2013-11-01 00:40:00
320,4320,4571.233805,0.6263683193818416,2013-11-01 00:40:00
314,4320,4581.54993,0.6268512556342563,2013-11-01 00:40:00
566,4320,4586.446012,0.6065679330328396,2013-11-01 00:40:00
